Région,Préfecture,Sous-préfecture,Nom de l'Établissement,Nombre total de personnes ,Public ou privé?,Partenaire responsable de la formation,Date de la formation,Durée de la formation (jours),Type de formation,Nombre de personnes formées
#adm1+name,#adm2+name,#adm3+name,#loc+name,#inneed+training,#status+sector,#org+code,#date,#output+duration,#output+type,#reached+trained
Kindia,Coyah,Coyah Ctre,Poste de santé Somayah,,public,PU AMI,,,PCI Ebola,
Kindia,Coyah,Coyah Ctre,Poste de santé Somayah,,public,PU AMI,,,Triage,
Kindia,Coyah,Coyah Ctre,Poste de santé Somayah,,public,PU AMI,,,WASH,
Kindia,Coyah,Kouria,Poste de Santé Kouriah,,public,PU AMI,,,PCI Ebola,
Kindia,Coyah,Kouria,Poste de Santé Kouriah,,public,PU AMI,,,Triage,
Kindia,Coyah,Kouria,Poste de Santé Kouriah,,public,PU AMI,,,WASH,
Kindia,Coyah,Kouria,Poste de sante Kolakhoure,,public,PU AMI,,,PCI Ebola,
Kindia,Coyah,Kouria,Poste de sante Kolakhoure,,public,PU AMI,,,Triage,
Kindia,Coyah,Kouria,Poste de sante Kolakhoure,,public,PU AMI,,,WASH,
Kindia,Coyah,Kouria,Poste de sante Moriakhory,,public,PU AMI,,,PCI Ebola,
Kindia,Coyah,Kouria,Poste de sante Moriakhory,,public,PU AMI,,,Triage,
Kindia,Coyah,Kouria,Poste de sante Moriakhory,,public,PU AMI,,,WASH,
Kindia,Coyah,Kouria,Taadi,,public,PU AMI,,,,
Kindia,Coyah,Wonkifong,Poste de santé Petty-Centre,,public,PU AMI,,,PCI Ebola,
Kindia,Coyah,Wonkifong,Poste de santé Petty-Centre,,public,PU AMI,,,Triage,
Kindia,Coyah,Wonkifong,Poste de santé Petty-Centre,,public,PU AMI,,,WASH,
Kindia,Coyah,Wonkifong,Poste de santé Deneya,,public,PU AMI,,,PCI Ebola,
Kindia,Coyah,Wonkifong,Poste de santé Deneya,,public,PU AMI,,,Triage,
Kindia,Coyah,Wonkifong,Poste de santé Deneya,,public,PU AMI,,,WASH,
Kindia,Coyah,Wonkifong,Poste de santé Kendoumaya,,public,PU AMI,,,PCI Ebola,
Kindia,Coyah,Wonkifong,Poste de santé Kendoumaya,,public,PU AMI,,,Triage,
Kindia,Coyah,Wonkifong,Poste de santé Kendoumaya,,public,PU AMI,,,WASH,
Kindia,Coyah,Wonkifong,Poste de santé Kiriya,,public,PU AMI,,,PCI Ebola,
Kindia,Coyah,Wonkifong,Poste de santé Kiriya,,public,PU AMI,,,Triage,
Kindia,Coyah,Wonkifong,Poste de santé Kiriya,,public,PU AMI,,,WASH,
Kindia,Coyah,Wonkifong,Poste de santé Kounsouta,,public,PU AMI,,,PCI Ebola,
Kindia,Coyah,Wonkifong,Poste de santé Kounsouta,,public,PU AMI,,,Triage,
Kindia,Coyah,Wonkifong,Poste de santé Kounsouta,,public,PU AMI,,,WASH,
Kindia,Coyah,Wonkifong,Poste de santé Kouyéya,,public,PU AMI,,,PCI Ebola,
Kindia,Coyah,Wonkifong,Poste de santé Kouyéya,,public,PU AMI,,,Triage,
Kindia,Coyah,Wonkifong,Poste de santé Kouyéya,,public,PU AMI,,,WASH,
Kindia,Coyah,Wonkifong,Poste de santé Mangata,,public,PU AMI,,,PCI Ebola,
Kindia,Coyah,Wonkifong,Poste de santé Mangata,,public,PU AMI,,,Triage,
Kindia,Coyah,Wonkifong,Poste de santé Mangata,,public,PU AMI,,,WASH,
Kindia,Coyah,Wonkifong,Poste de santé Tambayah,,public,PU AMI,,,PCI Ebola,
Kindia,Coyah,Wonkifong,Poste de santé Tambayah,,public,PU AMI,,,Triage,
Kindia,Coyah,Wonkifong,Poste de santé Tambayah,,public,PU AMI,,,WASH,
Kindia,Coyah,Wonkifong,Poste de santé Toguiron,,public,PU AMI,,,PCI Ebola,
Kindia,Coyah,Wonkifong,Poste de santé Toguiron,,public,PU AMI,,,Triage,
Kindia,Coyah,Wonkifong,Poste de santé Toguiron,,public,PU AMI,,,WASH,
Kindia,Dubreka,Badi,Poste de santé Tonton,,public,PU AMI,,,PCI Ebola,
Kindia,Dubreka,Badi,Poste de santé Tonton,,public,PU AMI,,,Triage,
Kindia,Dubreka,Badi,Poste de santé Tonton,,public,PU AMI,,,WASH,
Kindia,Dubreka,Bady,Poste de santéMaléah,,public,PU AMI,,,PCI Ebola,
Kindia,Dubreka,Bady,Poste de santéMaléah,,public,PU AMI,,,Triage,
Kindia,Dubreka,Bady,Poste de santéMaléah,,public,PU AMI,,,WASH,
Kindia,Dubreka,Dubreka Ctre,Poste Santé Baïlo-Bayah,,public,PU AMI,,,PCI Ebola,
Kindia,Dubreka,Dubreka Ctre,Poste Santé Baïlo-Bayah,,public,PU AMI,,,Triage,
Kindia,Dubreka,Dubreka Ctre,Poste Santé Baïlo-Bayah,,public,PU AMI,,,WASH,
Kindia,Dubreka,Dubreka Ctre,Poste de santé Béréiré,,public,PU AMI,,,PCI Ebola,
Kindia,Dubreka,Dubreka Ctre,Poste de santé Béréiré,,public,PU AMI,,,Triage,
Kindia,Dubreka,Dubreka Ctre,Poste de santé Béréiré,,public,PU AMI,,,WASH,
Kindia,Dubreka,Dubreka Ctre,Poste de santé Madina,,public,PU AMI,,,PCI Ebola,
Kindia,Dubreka,Dubreka Ctre,Poste de santé Madina,,public,PU AMI,,,Triage,
Kindia,Dubreka,Dubreka Ctre,Poste de santé Madina,,public,PU AMI,,,WASH,
Kindia,Dubreka,Dubreka Ctre,Poste de santé Négueyah,,public,PU AMI,,,PCI Ebola,
Kindia,Dubreka,Dubreka Ctre,Poste de santé Négueyah,,public,PU AMI,,,Triage,
Kindia,Dubreka,Dubreka Ctre,Poste de santé Négueyah,,public,PU AMI,,,WASH,
Kindia,Dubreka,Dubreka Ctre,Poste de santé Töbolon,,public,PU AMI,,,PCI Ebola,
Kindia,Dubreka,Dubreka Ctre,Poste de santé Töbolon,,public,PU AMI,,,Triage,
Kindia,Dubreka,Dubreka Ctre,Poste de santé Töbolon,,public,PU AMI,,,WASH,
Kindia,Dubreka,Falessade,Poste de santé Ninguéty,,public,PU AMI,,,PCI Ebola,
Kindia,Dubreka,Falessade,Poste de santé Ninguéty,,public,PU AMI,,,Triage,
Kindia,Dubreka,Falessade,Poste de santé Ninguéty,,public,PU AMI,,,WASH,
Kindia,Dubreka,Khorira,Poste de santé Gbantama,,public,PU AMI,,,PCI Ebola,
Kindia,Dubreka,Khorira,Poste de santé Gbantama,,public,PU AMI,,,Triage,
Kindia,Dubreka,Khorira,Poste de santé Gbantama,,public,PU AMI,,,WASH,
Kindia,Dubreka,Khorira,Poste de santé Yorokoguéah,,public,PU AMI,,,PCI Ebola,
Kindia,Dubreka,Khorira,Poste de santé Yorokoguéah,,public,PU AMI,,,Triage,
Kindia,Dubreka,Khorira,Poste de santé Yorokoguéah,,public,PU AMI,,,WASH,
Kindia,Dubreka,Ouassou,Poste de santé Khountoun,,public,PU AMI,,,PCI Ebola,
Kindia,Dubreka,Ouassou,Poste de santé Khountoun,,public,PU AMI,,,Triage,
Kindia,Dubreka,Ouassou,Poste de santé Khountoun,,public,PU AMI,,,WASH,
Kindia,Dubreka,Ouassou,Poste de santé Koubia,,public,PU AMI,,,PCI Ebola,
Kindia,Dubreka,Ouassou,Poste de santé Koubia,,public,PU AMI,,,Triage,
Kindia,Dubreka,Ouassou,Poste de santé Koubia,,public,PU AMI,,,WASH,
Kindia,Dubreka,Ouassou,Poste de santé Tafory Soso,,public,PU AMI,,,PCI Ebola,
Kindia,Dubreka,Ouassou,Poste de santé Tafory Soso,,public,PU AMI,,,Triage,
Kindia,Dubreka,Ouassou,Poste de santé Tafory Soso,,public,PU AMI,,,WASH,
Kindia,Dubreka,Ouassou,Poste de santé Yafraya,,public,PU AMI,,,PCI Ebola,
Kindia,Dubreka,Ouassou,Poste de santé Yafraya,,public,PU AMI,,,Triage,
Kindia,Dubreka,Ouassou,Poste de santé Yafraya,,public,PU AMI,,,WASH,
Kindia,Dubreka,Tanene,Poste de santé Kenendelory,,public,PU AMI,,,PCI Ebola,
Kindia,Dubreka,Tanene,Poste de santé Kenendelory,,public,PU AMI,,,Triage,
Kindia,Dubreka,Tanene,Poste de santé Kenendelory,,public,PU AMI,,,WASH,
Kindia,Dubreka,Tanene,Poste de santé Kondéya,,public,PU AMI,,,PCI Ebola,
Kindia,Dubreka,Tanene,Poste de santé Kondéya,,public,PU AMI,,,Triage,
Kindia,Dubreka,Tanene,Poste de santé Kondéya,,public,PU AMI,,,WASH,
Kindia,Dubreka,Tanene,Poste de santé Konfonya,,public,PU AMI,,,PCI Ebola,
Kindia,Dubreka,Tanene,Poste de santé Konfonya,,public,PU AMI,,,Triage,
Kindia,Dubreka,Tanene,Poste de santé Konfonya,,public,PU AMI,,,WASH,
Kindia,Dubreka,Tondon,Poste de santé Kahel,,public,PU AMI,,,PCI Ebola,
Kindia,Dubreka,Tondon,Poste de santé Kahel,,public,PU AMI,,,Triage,
Kindia,Dubreka,Tondon,Poste de santé Kahel,,public,PU AMI,,,WASH,
Kindia,Dubreka,Tondon,Poste de santé Simbarayah,,public,PU AMI,,,PCI Ebola,
Kindia,Dubreka,Tondon,Poste de santé Simbarayah,,public,PU AMI,,,Triage,
Kindia,Dubreka,Tondon,Poste de santé Simbarayah,,public,PU AMI,,,WASH,
Kindia,Dubreka,,CSU Dubreka,,,TdH,23 Juin 2015,5,PCI Ebola,
Kindia,Dubreka,,Tondon,,,TdH,23 juin 2015,5,PCI Ebola,
Kindia,Dubreka,,Faléssadé,,,TdH,23 Juin 2015,5,PCI Ebola,
Kindia,Dubreka,,Khorira,,,TdH,23 Juin 2015,5,PCI Ebola,
Kindia,Dubreka,,Kondeyah,,,TdH,23 Juin 2015,5,PCI Ebola,
Kindia,Dubreka,,Tanènè,,,TdH,23 Juin 2015,5,PCI Ebola,
Kindia,Dubreka,,Ouassou,,,TdH,23 Juin 2015,5,PCI Ebola,
Kindia,Dubreka,,Baddy,,,TdH,23 Juin 2015,5,PCI Ebola,
Conakry,Conakry,,Kaporo,,,TdH,29 Juin 2015,5,PCI Ebola,
Conakry,Conakry,,Lambanyi,,,TdH,29 Juin 2015,5,PCI Ebola,
Conakry,Conakry,,Boulbinet,,,TdH,29 Juin 2015,5,PCI Ebola,
Conakry,Conakry,,Madina,,,TdH,29 Juin 2015,5,PCI Ebola,
Conakry,Conakry,,Kobaya,,,TdH,29 Juin 2015,5,PCI Ebola,
Conakry,Conakry,,Sonfonia,,,TdH,29 Juin 2015,5,PCI Ebola,
Conakry,Conakry,,Hafia,,,TdH,29 Juin 2015,5,PCI Ebola,
Conakry,Conakry,,Wanidara,,,TdH,29 Juin 2015,5,PCI Ebola,
Conakry,Conakry,,Maciré,,,TdH,29 Juin 2015,5,PCI Ebola,
Conakry,Conakry,,Saint Gabriel,,,TdH,29 Juin 2015,5,PCI Ebola,
Conakry,Conakry,,Kassa,,,TdH,29 Juin 2015,5,PCI Ebola,
Conakry,Conakry,,Simbayah gare,,,TdH,29 Juin 2015,5,PCI Ebola,
Conakry,Conakry,,Koloma,,,TdH,29 Juin 2015,5,PCI Ebola,
Kindia,Coyah,,Doumbouyah,,,TdH,29 Juin 2015,5,PCI Ebola,
Kindia,Coyah,,Coyah centre,,,TdH,29 Juin 2015,5,PCI Ebola,
Kindia,Coyah,,wonkifong,,,TdH,29 Juin 2015,5,PCI Ebola,
Kindia,Coyah,,Kouriah,,,TdH,29 Juin 2015,5,PCI Ebola,
Kindia,Coyah,,Manéah,,,TdH,29 Juin 2015,5,PCI Ebola,
Nzerekore,Yomou,,Pela,,,TdH,23 Juin 2015,5,PCI Ebola,
Nzerekore,Yomou,,Galakpaye,,,TdH,23 Juin 2015,5,PCI Ebola,
Nzerekore,Yomou,,Betha,,,TdH,23 Juin 2015,5,PCI Ebola,
Nzerekore,Yomou,,Banié,,,TdH,23 Juin 2015,5,PCI Ebola,
Nzerekore,Yomou,,Bowé,,,TdH,23 juin 2015,5,PCI Ebola,
Conakry,Conakry,Dixinn,Centre De Santé Hafia I,,public,TdH,,,,
Conakry,Conakry,Dixinn,Centre De Santé Maciré,,public,TdH,,,,
Conakry,Conakry,Kaloum,Centre De Santé De Boulbinet,,public,TdH,,,,
Conakry,Conakry,Kaloum,Centre de santé Kassa,,public,TdH,,,,
Conakry,Conakry,Matam,Centre de santé Madina,,public,TdH,,,,
Conakry,Conakry,Matoto,Dispensaire Saint Gabriel,,public,TdH,,,,
Conakry,Conakry,Ratoma,Centre De Santé Kaporo,,public,TdH,,,,
Conakry,Conakry,Ratoma,Centre de Santé Kobaya,,public,TdH,,,,
Conakry,Conakry,Ratoma,Centre de Santé Koloma,,public,TdH,,,,
Conakry,Conakry,Ratoma,Centre de Santé Lambanyi,,public,TdH,,,,
Conakry,Conakry,Ratoma,Centre de Santé Simbaya Gare,,public,TdH,,,,
Conakry,Conakry,Ratoma,Centre de Santé Sonfonia,,public,TdH,,,,
Conakry,Conakry,Ratoma,Centre de Santé Wanindara,,public,TdH,,,,
Kindia,Coyah,Coyah Ctre,Centre de Santé Coyah Centre,,public,TdH,2015-06-26,,PCI Ebola,
Kindia,Coyah,Coyah Ctre,Centre de Santé Doumbouyah,,public,TdH,2015-06-26,,PCI Ebola,
Kindia,Coyah,Kouria,Centre de Santé Kouriah,,public,TdH,2015-06-26,,PCI Ebola,
Kindia,Coyah,Maneah,Centre de Santé Manéah,,public,TdH,2015-06-26,,PCI Ebola,
Kindia,Coyah,Wonkifong,Centre de Santé Wonkifong,,public,TdH,2015-06-26,,PCI Ebola,
Kindia,Dubreka,Dubreka Ctre,Centre de Santé Dubréka Cantre,,public,TdH,2015-06-27,,PCI Ebola,
Kindia,Dubreka,Falessade,Centre de Santé Faléssadé Centre,,public,TdH,2015-06-27,,PCI Ebola,
Kindia,Dubreka,Khorira,Centre de Santé Khorira,,public,TdH,2015-06-27,,PCI Ebola,
Kindia,Dubreka,Ouassou,Centre de Santé Wassou (Ouassou),,public,TdH,2015-06-27,,PCI Ebola,
Kindia,Dubreka,Tanene,Centre de Santé Tanènè,,public,TdH,2015-06-27,,PCI Ebola,
Kindia,Dubreka,Tanene,Kondéya,,public,TdH,2015-06-27,,PCI Ebola,
Kindia,Dubreka,Tondon,Centre de Santé Tondon,,public,TdH,2015-06-27,,PCI Ebola,
Nzerekore,Yomou,Banie,Centre de Santé Banié,,public,TdH,2015-06-27,,PCI Ebola,
Nzerekore,Yomou,Bheeta,Centre de Santé Bhèta,,public,TdH,2015-06-27,,PCI Ebola,
Nzerekore,Yomou,Bheeta,Centre de Santé Bhèta,,public,TdH,2015-06-27,,WASH,
Nzerekore,Yomou,Bignamou,Galakpaye,,public,TdH,2015-06-27,,PCI Ebola,
Nzerekore,Yomou,Bowe,Centre de Santé Bowé,,public,TdH,2015-06-27,,PCI Ebola,
Nzerekore,Yomou,Pela,Centre de Santé Péla 1,,public,TdH,2015-06-27,,PCI Ebola,
Boke,Boffa,,CS Isle Kito,,public,ACF,2015-05-02,,PCI Ebola,
Boke,Boffa,Boffa Ctre,,,public,ACF,2015-05-02,,PCI Ebola,
Boke,Boffa,Boffa Ctre,Bolonde,,public,ACF,2015-05-02,,PCI Ebola,
Boke,Boffa,Boffa Ctre,Centre de Santé Boffa Centre,,public,ACF,02/05/2015,,PCI Ebola,
Boke,Boffa,Boffa Ctre,Centre de Santé Boffa Centre,,public,ACF,02/05/2015,,WASH,
Boke,Boffa,Boffa Ctre,Hopital Préfectoral Boffa,,public,ACF,2015-05-02,,PCI Ebola,
Boke,Boffa,Boffa Ctre,Lakhata,,public,ACF,2015-05-02,,PCI Ebola,
Boke,Boffa,Boffa Ctre,Lonking,,public,ACF,2015-05-02,,PCI Ebola,
Boke,Boffa,Douprou,Bilnsadé,,public,ACF,2015-05-02,,PCI Ebola,
Boke,Boffa,Douprou,Douprou,,public,ACF,02/05/2015,,PCI Ebola,
Boke,Boffa,Douprou,Douprou,,public,ACF,02/05/2015,,WASH,
Boke,Boffa,Douprou,Koumbaya,,public,ACF,2015-05-02,,PCI Ebola,
Boke,Boffa,Koba,Kottèya,,public,ACF,2015-05-02,,PCI Ebola,
Boke,Boffa,Koba,M'Bendia,,public,ACF,2015-05-02,,PCI Ebola,
Boke,Boffa,Koba,Moussaya,,public,ACF,2015-05-02,,PCI Ebola,
Boke,Boffa,Koba,Tatéma,,public,ACF,02/05/2015,,PCI Ebola,
Boke,Boffa,Koba,Tatéma,,public,ACF,02/05/2015,,WASH,
Boke,Boffa,Koba,Tatéma,,public,ACF,2015-05-02,,PCI Ebola,
Boke,Boffa,Kolia,Colia,,public,ACF,02/05/2015,,PCI Ebola,
Boke,Boffa,Kolia,Colia,,public,ACF,02/05/2015,,WASH,
Boke,Boffa,Kolia,Diougouma,,public,ACF,2015-05-02,,PCI Ebola,
Boke,Boffa,Kolia,N'Dantari Centre,,public,ACF,2015-05-02,,PCI Ebola,
Boke,Boffa,Lisso,Bondy,,public,ACF,2015-05-02,,PCI Ebola,
Boke,Boffa,Lisso,Khatia,,public,ACF,2015-05-02,,PCI Ebola,
Boke,Boffa,Lisso,Lisso Centre,,public,ACF,02/05/2015,,PCI Ebola,
Boke,Boffa,Lisso,Lisso Centre,,public,ACF,02/05/2015,,WASH,
Boke,Boffa,Lisso,Missira,,public,ACF,2015-05-02,,PCI Ebola,
Boke,Boffa,Lisso,Wondetty,,public,ACF,2015-05-02,,PCI Ebola,
Boke,Boffa,Mankountan,Kakala,,public,ACF,2015-05-02,,PCI Ebola,
Boke,Boffa,Mankountan,Mankountan,,public,ACF,02/05/2015,,PCI Ebola,
Boke,Boffa,Mankountan,Mankountan,,public,ACF,02/05/2015,,WASH,
Boke,Boffa,Tamita,Corrérah Centre,,public,ACF,2015-05-02,,PCI Ebola,
Boke,Boffa,Tamita,Fallandjan,,public,ACF,2015-05-02,,PCI Ebola,
Boke,Boffa,Tamita,Gbassaya Centre,,public,ACF,2015-05-02,,PCI Ebola,
Boke,Boffa,Tamita,Tamita,,public,ACF,02/05/2015,,PCI Ebola,
Boke,Boffa,Tamita,Tamita,,public,ACF,02/05/2015,,WASH,
Boke,Boffa,Tamita,Yènguissa Centre,,public,ACF,2015-05-02,,PCI Ebola,
Boke,Boffa,Tougnifily,Mamiah Centre,,public,ACF,2015-05-02,,PCI Ebola,
Boke,Boffa,Tougnifily,Tougnifily,,public,ACF,02/05/2015,,PCI Ebola,
Boke,Boffa,Tougnifily,Tougnifily,,public,ACF,02/05/2015,,WASH,
Kindia,Forecariah,Allassoyah,Dandayah,,public,ACF,,,WASH,
Kindia,Forecariah,Allassoyah,Feindemodia,,public,ACF,,,WASH,
Kindia,Forecariah,Allassoyah,Hérico,,public,ACF,,,WASH,
Kindia,Forecariah,Allassoyah,Safeya,,public,ACF,,,WASH,
Kindia,Forecariah,Benty,Centre de Santé Benty,,public,ACF,,,WASH,
Kindia,Forecariah,Benty,Dakhagbé,,public,ACF,,,WASH,
Kindia,Forecariah,Benty,Kigbaly,,public,ACF,,,WASH,
Kindia,Forecariah,Benty,M'Boro,,public,ACF,,,WASH,
Kindia,Forecariah,Benty,Morkania,,public,ACF,,,WASH,
Kindia,Forecariah,Benty,N'Compan,,public,ACF,,,WASH,
Kindia,Forecariah,Benty,Tenteyi,,public,ACF,,,WASH,
Kindia,Forecariah,Farmoriah,Houwourou,,public,ACF,,,WASH,
Kindia,Forecariah,Farmoriah,Maliguiagbé,,public,ACF,,,WASH,
Kindia,Forecariah,Farmoriah,Moola,,public,ACF,,,WASH,
Kindia,Forecariah,Farmoriah,Pamelap,,public,ACF,,,WASH,
Kindia,Forecariah,Forecariah Ctre,Centre de Santé Forecariah,,public,ACF,,,WASH,
Kindia,Forecariah,Kaback,Centre de Santé Kaback,,public,ACF,,,WASH,
Kindia,Forecariah,Kaback,Matakan,,public,ACF,,,WASH,
Kindia,Forecariah,Kaback,Yétiya,,public,ACF,,,WASH,
Kindia,Forecariah,Kakossa,Manéah,,public,ACF,,,WASH,
Kindia,Forecariah,Kakossa,Menyire,,public,ACF,,,WASH,
Kindia,Forecariah,Kaliah,Bérika,,public,ACF,,,WASH,
Kindia,Forecariah,Kaliah,Kolagbéli,,public,ACF,,,WASH,
Kindia,Forecariah,Kaliah,Sinkinet,,public,ACF,,,WASH,
Kindia,Forecariah,Kaliah,Tanah,,public,ACF,,,WASH,
Kindia,Forecariah,Maferinya,Centre de Santé Maferinya,,public,ACF,,,WASH,
Kindia,Forecariah,Maferinya,Fandié,,public,ACF,,,WASH,
Kindia,Forecariah,Maferinya,Gbéréiré Bafila,,public,ACF,,,WASH,
Kindia,Forecariah,Maferinya,Koket,,public,ACF,,,WASH,
Kindia,Forecariah,Maferinya,Madinagbé,,public,ACF,,,WASH,
Kindia,Forecariah,Maferinya,Maleah,,public,ACF,,,WASH,
Kindia,Forecariah,Maferinya,Moribayah,,public,ACF,,,WASH,
Kindia,Forecariah,Moussayah,Centre de Santé Moussayah,,public,ACF,,,WASH,
Kindia,Forecariah,Moussayah,Dembaya,,public,ACF,,,WASH,
Kindia,Forecariah,Moussayah,Kamalayah,,public,ACF,,,WASH,
Kindia,Forecariah,Moussayah,Layah,,public,ACF,,,WASH,
Kindia,Forecariah,Moussayah,Sineyah,,public,ACF,,,WASH,
Kindia,Forecariah,Moussayah,Tassein,,public,ACF,,,WASH,
Kindia,Forecariah,Sikhourou,Centre de Santé Sikhourou,,public,ACF,,,WASH,
Kindia,Forecariah,Sikhourou,Daffira,,public,ACF,,,WASH,
Kindia,Forecariah,Sikhourou,Dallonyah,,public,ACF,,,WASH,
Kindia,Forecariah,Sikhourou,Dégui-Dégui,,public,ACF,,,WASH,
Labe,Labe,Dalein,Dalein Centre de Santé,,public,ACF,,,PCI Ebola,
Labe,Labe,Dalein,Dalein Centre de Santé,,public,ACF,,,WASH,
Labe,Labe,Dalein,Ndantawi,,public,ACF,,,PCI Ebola,
Labe,Labe,Dalein,Sarékaly,,public,ACF,,,PCI Ebola,
Labe,Labe,Daralabe,"Cantre de Santé Dara-Labe, Kassagui",,public,ACF,,,PCI Ebola,
Labe,Labe,Daralabe,Darakehioun,,public,ACF,,,PCI Ebola,
Labe,Labe,Daralabe,Daralabé Centre de Santé,,public,ACF,,,PCI Ebola,
Labe,Labe,Daralabe,Daralabé Centre de Santé,,public,ACF,,,WASH,
Labe,Labe,Daralabe,Kokoulo,,public,ACF,,,PCI Ebola,
Labe,Labe,Diari,Diari Centre de Santé,,public,ACF,,,PCI Ebola,
Labe,Labe,Diari,Diari Centre de Santé,,public,ACF,,,WASH,
Labe,Labe,Diari,Donta,,public,ACF,,,PCI Ebola,
Labe,Labe,Diari,k. Maoudé,,public,ACF,,,PCI Ebola,
Labe,Labe,Diari,k.Tokossèrè,,public,ACF,,,PCI Ebola,
Labe,Labe,Dionfo,Dionfo Centre de Santé,,public,ACF,,,PCI Ebola,
Labe,Labe,Dionfo,Dionfo Centre de Santé,,public,ACF,,,WASH,
Labe,Labe,Dionfo,Sengouma,,public,ACF,,,PCI Ebola,
Labe,Labe,Dionfo,Tarambaly,,public,ACF,,,PCI Ebola,
Labe,Labe,Garambe,Garambé Centre de Santé,,public,ACF,,,PCI Ebola,
Labe,Labe,Garambe,Garambé Centre de Santé,,public,ACF,,,WASH,
Labe,Labe,Garambe,Labé Dheppèrè,,public,ACF,,,PCI Ebola,
Labe,Labe,Garambe,Ndounsy,,public,ACF,,,PCI Ebola,
Labe,Labe,Hafia,Afia,,public,ACF,,,PCI Ebola,
Labe,Labe,Hafia,Afia,,public,ACF,,,WASH,
Labe,Labe,Hafia,Bagnan,,public,ACF,,,PCI Ebola,
Labe,Labe,Hafia,Hansaghèrè ((en chantier)),,public,ACF,,,PCI Ebola,
Labe,Labe,Hafia,Sempeten,,public,ACF,,,PCI Ebola,
Labe,Labe,Kaalan,Kalan Centre de Santé,,public,ACF,,,PCI Ebola,
Labe,Labe,Kaalan,Kalan Centre de Santé,,public,ACF,,,WASH,
Labe,Labe,Kaalan,Missidé -Tiga,,public,ACF,,,PCI Ebola,
Labe,Labe,Kaalan,Tounory,,public,ACF,,,PCI Ebola,
Labe,Labe,Kouramangui,Kouramangui Cité Centre de Santé,,public,ACF,,,PCI Ebola,
Labe,Labe,Kouramangui,Kouramangui Cité Centre de Santé,,public,ACF,,,WASH,
Labe,Labe,Labe Ctre,Centre de Santé Bowounloko,,public,ACF,,,PCI Ebola,
Labe,Labe,Labe Ctre,Centre de Santé Bowounloko,,public,ACF,,,WASH,
Labe,Labe,Labe Ctre,Centre de Santé Daka,,public,ACF,,,PCI Ebola,
Labe,Labe,Labe Ctre,Centre de Santé Daka,,public,ACF,,,WASH,
Labe,Labe,Labe Ctre,Centre de Santé Fafabhè,,public,ACF,,,PCI Ebola,
Labe,Labe,Labe Ctre,Centre de Santé Fafabhè,,public,ACF,,,WASH,
Labe,Labe,Labe Ctre,Centre de Santé Ley-Saré,,public,ACF,,,PCI Ebola,
Labe,Labe,Labe Ctre,Centre de Santé Ley-Saré,,public,ACF,,,WASH,
Labe,Labe,Labe Ctre,Fadi,,public,ACF,,,PCI Ebola,
Labe,Labe,Labe Ctre,Hopital Régional Labe,,public,ACF,,,PCI Ebola,
Labe,Labe,Labe Ctre,Koulidara,,public,ACF,,,PCI Ebola,
Labe,Labe,Labe Ctre,Lombonna,,public,ACF,,,PCI Ebola,
Labe,Labe,Labe Ctre,Lombonna,,public,ACF,,,WASH,
Labe,Labe,Labe Ctre,Pellel Centre de Santé,,public,ACF,,,PCI Ebola,
Labe,Labe,Labe Ctre,Pellel Centre de Santé,,public,ACF,,,WASH,
Labe,Labe,Noussy,Diawoya,,public,ACF,,,PCI Ebola,
Labe,Labe,Noussy,Noussy Centre de Santé,,public,ACF,,,PCI Ebola,
Labe,Labe,Noussy,Noussy Centre de Santé,,public,ACF,,,WASH,
Labe,Labe,Popodara,"Centre de Santé Popodara, Hamdallaye",,public,ACF,,,PCI Ebola,
Labe,Labe,Popodara,Douka Seleyabhe,,public,ACF,,,PCI Ebola,
Labe,Labe,Popodara,Nadhel,,public,ACF,,,PCI Ebola,
Labe,Labe,Popodara,Popodara,,public,ACF,,,PCI Ebola,
Labe,Labe,Popodara,Popodara,,public,ACF,,,WASH,
Labe,Labe,Popodara,Sala,,public,ACF,,,PCI Ebola,
Labe,Labe,Popodara,Satina,,public,ACF,,,PCI Ebola,
Labe,Labe,Popodara,Serima,,public,ACF,,,PCI Ebola,
Labe,Labe,Sannou,Diogoma,,public,ACF,,,PCI Ebola,
Labe,Labe,Sannou,Hamdallaye,,public,ACF,,,PCI Ebola,
Labe,Labe,Sannou,Sannou Centre de Santé,,public,ACF,,,PCI Ebola,
Labe,Labe,Sannou,Sannou Centre de Santé,,public,ACF,,,WASH,
Labe,Labe,Tountourou,Nhagnaka,,public,ACF,,,PCI Ebola,
Labe,Labe,Tountourou,Nhagnaka,,public,ACF,,,WASH,
Labe,Labe,Tountourou,Tountouroun Centre de Santé,,public,ACF,,,PCI Ebola,
Labe,Labe,Tountourou,Tôlon,,public,ACF,,,PCI Ebola,
Conakry,Conakry,Dixinn,CMC Minière,,public,WAHA,,,PCI Ebola,
Conakry,Conakry,Dixinn,CMC Minière,,public,WAHA,,,PCI Ebola,
Conakry,Conakry,Kaloum,Hôpital National Ignace Deen,,public,WAHA,,,PCI Ebola,
Conakry,Conakry,Kaloum,Hôpital National Ignace Deen,,public,WAHA,,,Triage,
Kindia,Forecariah,Forecariah Ctre,Hôpital Préfectoral Forécariah Centre,,public,WAHA,,,,
,,,AGBEF,,prive,Jhpiego,2015-04-19,,PCI Ebola,
Boke,Boke,,CS Port Nene,,public,Jhpiego,,,PCI Ebola,
Boke,Boke,,CSR Correrah,,public,Jhpiego,,,PCI Ebola,
Boke,Boke,,CSR Kayenguissa,,public,Jhpiego,,,PCI Ebola,
Boke,Boke,,CSR Koulifanya,,public,Jhpiego,,,PCI Ebola,
Boke,Boke,Bintimodia,CSR Bintoumodia,,public,Jhpiego,,,PCI Ebola,
Boke,Boke,Boke Ctre,Hopital Regional Boke,,public,Jhpiego,,,PCI Ebola,
Boke,Boke,Boke Ctre,LTO Boke,,public,Jhpiego,,,PCI Ebola,
Boke,Boke,Dabiss,CSR Dabiss,,public,Jhpiego,,,PCI Ebola,
Boke,Boke,Kamsar,CSR Kassapo,,public,Jhpiego,,,PCI Ebola,
Boke,Boke,Kamsar,Dispensaire CBG,,public,Jhpiego,2015-06-19,,PCI Ebola,
Boke,Boke,Kamsar,Hopital Anaim,,public,Jhpiego,,,PCI Ebola,
Boke,Boke,Kamsar,PS/Kassapo,,public,Jhpiego,,,PCI Ebola,
Boke,Boke,Kanfarande,CSR Kanfarande,,public,Jhpiego,,,PCI Ebola,
Boke,Boke,Kolaboui,CSR Kolabounyi,,public,Jhpiego,,,PCI Ebola,
Boke,Boke,Kolaboui,PS/kolabounyi,,public,Jhpiego,,,PCI Ebola,
Boke,Boke,Malapouya,CSR Malapouya,,public,Jhpiego,,,PCI Ebola,
Boke,Boke,Sangaredi,CSA Sangaredi,,public,Jhpiego,,,PCI Ebola,
Boke,Boke,Sangaredi,PS/Sangaredi,,public,Jhpiego,,,PCI Ebola,
Boke,Boke,Sansale,CSR Sansale,,public,Jhpiego,,,PCI Ebola,
Boke,Boke,Tanene,CSR Tanene,,public,Jhpiego,,,PCI Ebola,
Boke,Fria,,Cabossy,,public,Jhpiego,,,PCI Ebola,
Boke,Fria,,Sabende,,public,Jhpiego,,,PCI Ebola,
Boke,Fria,Fria Ctre,Aviation,,public,Jhpiego,,,PCI Ebola,
Boke,Fria,Fria Ctre,Hôpital Pechinet de Fria,,public,Jhpiego,,,PCI Ebola,
Boke,Fria,Fria Ctre,Hôpital Prefectoral de Fria,,public,Jhpiego,,,PCI Ebola,
Boke,Fria,Baguinet,Baguinet,,public,Jhpiego,,,PCI Ebola,
Boke,Fria,Banguigny,Banguigny,,public,Jhpiego,,,PCI Ebola,
Boke,Fria,Tormelin,Tormélin,,public,Jhpiego,,,PCI Ebola,
Conakry,Conakry,,CMC Miniere,,public,Jhpiego,2015-02-28,,PCI Ebola,
Conakry,Conakry,,Hopital National Donka,,public,Jhpiego,2015-03-21,,PCI Ebola,
Conakry,Conakry,Dixinn,Jhpiego Guinee,,public,Jhpiego,2015-03-06,,PCI Ebola,
Conakry,Conakry,Dixinn,OMS,,public,Jhpiego,2015-03-21,,PCI Ebola,
Conakry,Conakry,Dixinn,ONG ACF,,public,Jhpiego,2015-03-06,,PCI Ebola,
Conakry,Conakry,Dixinn,ONG Stop Palu,,public,Jhpiego,2015-03-06,,PCI Ebola,
Conakry,Conakry,Kaloum,Hopital National Ignace Deen,,public,Jhpiego,2015-03-27,,PCI Ebola,
Conakry,Conakry,Kaloum,Ministere de la sante,,public,Jhpiego,2015-03-06,,PCI Ebola,
Conakry,Conakry,Matam,CMC Coleah,,public,Jhpiego,2015-03-15,,PCI Ebola,
Conakry,Conakry,Matam,CMC Matam,,public,Jhpiego,2015-03-21,,PCI Ebola,
Conakry,Conakry,Matam,Centre anti-tuberculeux de Matam,,public,Jhpiego,2015-03-27,,PCI Ebola,
Conakry,Conakry,Ratoma,CMC Flamboyants,,public,Jhpiego,2015-03-28,,PCI Ebola,
Conakry,Conakry,Ratoma,CMC Ratoma,,public,Jhpiego,2015-03-15,,PCI Ebola,
Conakry,Conakry,Ratoma,CMS Jean Paul II,,public,Jhpiego,2015-03-21,,PCI Ebola,
Conakry,Conakry,Ratoma,Direction de la sante de la ville de Conakry,,public,Jhpiego,2015-03-06,,PCI Ebola,
Conakry,Conakry,Ratoma,Hopital National Sino-Guinee,,public,Jhpiego,2015-03-21,,PCI Ebola,
Faranah,Kissidougou,,Clinique Privee,,prive,Jhpiego,2015-01-30,,PCI Ebola,
Faranah,Kissidougou,Albadariah,CSR Albadariah,,public,Jhpiego,2015-05-22,,PCI Ebola,
Faranah,Kissidougou,Albadariah,PS/Albadariah,,public,Jhpiego,2015-05-22,,PCI Ebola,
Faranah,Kissidougou,Banama,CSR Banama,,public,Jhpiego,2015-05-22,,PCI Ebola,
Faranah,Kissidougou,Banama,PS/Banama,,public,Jhpiego,2015-05-22,,PCI Ebola,
Faranah,Kissidougou,Bardou,CSR Bardou,,public,Jhpiego,2015-05-22,,PCI Ebola,
Faranah,Kissidougou,Bardou,PS Bardou,,public,Jhpiego,2015-05-18,,PCI Ebola,
Faranah,Kissidougou,Beindou,CSR Beindou,,public,Jhpiego,2015-05-22,,PCI Ebola,
Faranah,Kissidougou,Beindou,PS/Beindou,,public,Jhpiego,2015-02-12,,PCI Ebola,
Faranah,Kissidougou,Fermessadou,CSR Fermessadou,,public,Jhpiego,2015-02-12,,PCI Ebola,
Faranah,Kissidougou,Fermessadou,PS/Fermessadou,,public,Jhpiego,2015-05-22,,PCI Ebola,
Faranah,Kissidougou,Firawa,CSR Firawa,,public,Jhpiego,2015-05-22,,PCI Ebola,
Faranah,Kissidougou,Firawa,PS/Firawa,,public,Jhpiego,2015-02-05,,PCI Ebola,
Faranah,Kissidougou,Gbangbadou,CSR Gbangbadou,,public,Jhpiego,2015-05-22,,PCI Ebola,
Faranah,Kissidougou,Kissidougou Ctre,CSU Dar es salam,,public,Jhpiego,2015-04-20,,PCI Ebola,
Faranah,Kissidougou,Kissidougou Ctre,CSU Hermakono,,public,Jhpiego,2015-04-20,,PCI Ebola,
Faranah,Kissidougou,Kissidougou Ctre,CSU Madina,,public,Jhpiego,2015-04-20,,PCI Ebola,
Faranah,Kissidougou,Kissidougou Ctre,CSU Saraman,,public,Jhpiego,2015-01-22,,PCI Ebola,
Faranah,Kissidougou,Kissidougou Ctre,CSU limanya,,public,Jhpiego,2015-05-18,,PCI Ebola,
Faranah,Kissidougou,Kissidougou Ctre,Hopital prefectoral Kissidougou,,public,Jhpiego,2015-05-22,,PCI Ebola,
Faranah,Kissidougou,Kissidougou Ctre,PS/Limanya,,public,Jhpiego,2015-01-30,,PCI Ebola,
Faranah,Kissidougou,Kondiadou,CSR Kondiadou,,public,Jhpiego,2015-05-22,,PCI Ebola,
Faranah,Kissidougou,Kondiadou,PS/Kondiadou,,public,Jhpiego,2015-02-07,,PCI Ebola,
Faranah,Kissidougou,Manfran,CSR Manfran,,public,Jhpiego,2015-05-22,,PCI Ebola,
Faranah,Kissidougou,Manfran,PS/Manfran,,public,Jhpiego,2015-02-13,,PCI Ebola,
Faranah,Kissidougou,Sangardo,CSR Sangardo,,public,Jhpiego,2015-05-22,,PCI Ebola,
Faranah,Kissidougou,Sangardo,PS/Sangardo,,public,Jhpiego,2015-02-12,,PCI Ebola,
Faranah,Kissidougou,Yende Millimou,CSR Yende,,public,Jhpiego,2015-05-22,,PCI Ebola,
Faranah,Kissidougou,Yende Millimou,PS/Yende,,public,Jhpiego,2015-02-12,,PCI Ebola,
Faranah,Kissidougou,Yombiro,CSR Yombiro,,public,Jhpiego,2015-05-22,,PCI Ebola,
Faranah,Kissidougou,Yombiro,PS/Yombiro,,public,Jhpiego,2015-02-05,,PCI Ebola,
Kindia,Forecariah,,CSR Bassia,,public,Jhpiego,2015-03-28,,PCI Ebola,
Kindia,Forecariah,,CSR Bokaria,,public,Jhpiego,2015-03-28,,PCI Ebola,
Kindia,Forecariah,,PS/Bassia,,public,Jhpiego,2015-03-28,,PCI Ebola,
Kindia,Forecariah,,PS/Bokaria,,public,Jhpiego,2015-03-28,,PCI Ebola,
Kindia,Forecariah,,Poste Frontaliere Blangban,,public,Jhpiego,2015-03-19,,PCI Ebola,
Kindia,Forecariah,Benty,CSR Benty,,public,Jhpiego,2015-03-28,,PCI Ebola,
Kindia,Forecariah,Benty,PS/Benty,,public,Jhpiego,2015-03-28,,PCI Ebola,
Kindia,Forecariah,Farmoriah,CSR Farmoriah,,public,Jhpiego,2015-03-28,,PCI Ebola,
Kindia,Forecariah,Farmoriah,Infirmerie de Camp de Farmoriah,,public,Jhpiego,2015-03-28,,PCI Ebola,
Kindia,Forecariah,Farmoriah,PS/Farmoriah,,public,Jhpiego,2015-03-28,,PCI Ebola,
Kindia,Forecariah,Forecariah Ctre,CSU Forecariah,,public,Jhpiego,2015-03-28,,PCI Ebola,
Kindia,Forecariah,Forecariah Ctre,Hopital prefectoral Forecariah,,public,Jhpiego,2015-03-28,,PCI Ebola,
Kindia,Forecariah,Forecariah Ctre,Infirmerie de Camp de Forecariah,,public,Jhpiego,2015-03-28,,PCI Ebola,
Kindia,Forecariah,Kaback,CSR Kaback,,public,Jhpiego,2015-03-28,,PCI Ebola,
Kindia,Forecariah,Kakossa,CSR Kakossa,,public,Jhpiego,2015-03-28,,PCI Ebola,
Kindia,Forecariah,Kakossa,PS/ kakossa,,public,Jhpiego,2015-01-13,,PCI Ebola,
Kindia,Forecariah,Maferinya,CNFRSR Maferinya,,public,Jhpiego,2015-03-28,,PCI Ebola,
Kindia,Forecariah,Maferinya,CSR Maferinya,,public,Jhpiego,2015-03-28,,PCI Ebola,
Kindia,Forecariah,Maferinya,PS/Maferinya,,public,Jhpiego,2015-03-28,,PCI Ebola,
Kindia,Forecariah,Moussayah,CSR MoussayaH,,public,Jhpiego,2015-03-28,,PCI Ebola,
Kindia,Forecariah,Moussayah,PS/Moussayah,,public,Jhpiego,2015-03-28,,PCI Ebola,
Kindia,Forecariah,Sikhourou,CSR Sikhourou,,public,Jhpiego,2015-03-28,,PCI Ebola,
Kindia,Forecariah,Sikhourou,PS/Sikhourou,,public,Jhpiego,2015-03-28,,PCI Ebola,
Kindia,Kindia,,CSR Kenende,,public,Jhpiego,2015-05-31,,PCI Ebola,
Kindia,Kindia,Bangouya,CSR Bangouya,,public,Jhpiego,2015-05-31,,PCI Ebola,
Kindia,Kindia,Bangouya,PS/Bangouya,,public,Jhpiego,2015-05-24,,PCI Ebola,
Kindia,Kindia,Damakania,CSR Damakania,,public,Jhpiego,2015-05-31,,PCI Ebola,
Kindia,Kindia,Damakania,LTO Damakania,,public,Jhpiego,2015-05-31,,PCI Ebola,
Kindia,Kindia,Friguiagbe,CSR Friguiagbe,,public,Jhpiego,2015-05-24,,PCI Ebola,
Kindia,Kindia,Friguiagbe,PS Friguiagbe,,public,Jhpiego,2015-05-24,,PCI Ebola,
Kindia,Kindia,Kindia Ctre,CSU Bibane,,public,Jhpiego,2015-05-31,,PCI Ebola,
Kindia,Kindia,Kindia Ctre,CSU Cacia,,public,Jhpiego,2015-05-24,,PCI Ebola,
Kindia,Kindia,Kindia Ctre,CSU Manquepas,,public,Jhpiego,2015-05-31,,PCI Ebola,
Kindia,Kindia,Kindia Ctre,CSU Wondy,,public,Jhpiego,2015-05-31,,PCI Ebola,
Kindia,Kindia,Kindia Ctre,DPS Kinida,,public,Jhpiego,2015-05-31,,PCI Ebola,
Kindia,Kindia,Kindia Ctre,DRS Kindia,,public,Jhpiego,2015-05-17,,PCI Ebola,
Kindia,Kindia,Kindia Ctre,Ecole National de sante de Kindia,,public,Jhpiego,2015-05-01,,PCI Ebola,
Kindia,Kindia,Kindia Ctre,Hopital regional Kindia,,public,Jhpiego,2015-05-31,,PCI Ebola,
Kindia,Kindia,Kindia Ctre,PS/Wondy,,public,Jhpiego,2015-05-17,,PCI Ebola,
Kindia,Kindia,Kolente,CSR Kolente,,public,Jhpiego,2015-05-24,,PCI Ebola,
Kindia,Kindia,Kolente,PS/Kolente,,public,Jhpiego,2015-05-17,,PCI Ebola,
Kindia,Kindia,Madina oula,CSR Mandina Oula,,public,Jhpiego,2015-05-24,,PCI Ebola,
Kindia,Kindia,Madina oula,PS/Madina Oula,,public,Jhpiego,2015-05-17,,PCI Ebola,
Kindia,Kindia,Mambia,CS Mambia,,public,Jhpiego,2015-05-24,,PCI Ebola,
Kindia,Kindia,Mambia,PS/Mambia,,public,Jhpiego,2015-05-24,,PCI Ebola,
Kindia,Kindia,Molota,CSR Molota,,public,Jhpiego,2015-05-24,,PCI Ebola,
Kindia,Kindia,Molota,PS/Molota,,public,Jhpiego,2015-05-17,,PCI Ebola,
Kindia,Kindia,Samaya,CSR Samaya,,public,Jhpiego,2015-05-17,,PCI Ebola,
Kindia,Kindia,Samaya,PS/Samaya,,public,Jhpiego,2015-05-24,,PCI Ebola,
Kindia,Kindia,Sougueta,CSR Sougueta,,public,Jhpiego,2015-05-31,,PCI Ebola,
Kindia,Kindia,Sougueta,PS/Sougueta,,public,Jhpiego,2015-05-17,,PCI Ebola,
Kindia,Telimele,Bourouwal,Bourouwal,,public,Jhpiego,,,PCI Ebola,
Kindia,Telimele,Daramagnaky,Daramagnaky,,public,Jhpiego,,,PCI Ebola,
Kindia,Telimele,Gougoudje,Gougoudjé,,public,Jhpiego,,,PCI Ebola,
Kindia,Telimele,Koba,Koba (T),,public,Jhpiego,,,PCI Ebola,
Kindia,Telimele,Kollet,Kollet (TE),,public,Jhpiego,,,PCI Ebola,
Kindia,Telimele,Konsotami,Konsotami,,public,Jhpiego,,,PCI Ebola,
Kindia,Telimele,Missira,Missira (T),,public,Jhpiego,,,PCI Ebola,
Kindia,Telimele,Santou,Santou,,public,Jhpiego,,,PCI Ebola,
Kindia,Telimele,Sarekali,Sarékaly,,public,Jhpiego,,,PCI Ebola,
Kindia,Telimele,Sinta,Sinta,,public,Jhpiego,,,PCI Ebola,
Kindia,Telimele,Sogolon,Sogolon,,public,Jhpiego,,,PCI Ebola,
Kindia,Telimele,Tarihoye,Tarihoye,,public,Jhpiego,,,PCI Ebola,
Kindia,Telimele,Telemele Ctre,Hôpital préfectoral de Telemele,,public,Jhpiego,,,PCI Ebola,
Kindia,Telimele,Telemele Ctre,Télimélé-Centre,,public,Jhpiego,,,PCI Ebola,
Kindia,Telimele,Thionthian,Thionthian,,public,Jhpiego,,,PCI Ebola,
Nzerekore,Beyla,Beyla Ctre,CSU Diakolidou,,public,Jhpiego,2015-03-15,,PCI Ebola,
Nzerekore,Beyla,Beyla Ctre,Hopital prefectoral Beyla,,public,Jhpiego,2015-03-15,,PCI Ebola,
Nzerekore,Beyla,Boola,CSR Boola,,public,Jhpiego,2015-04-22,,PCI Ebola,
Nzerekore,Beyla,Diaraguerela,CSR Diaragberela,,public,Jhpiego,2015-04-22,,PCI Ebola,
Nzerekore,Beyla,Diaraguerela,PS/Diaguerala,,public,Jhpiego,2015-03-15,,PCI Ebola,
Nzerekore,Beyla,Diassodou,CSR Diassodou,,public,Jhpiego,2015-03-15,,PCI Ebola,
Nzerekore,Beyla,Fouala,CSR Fouala,,public,Jhpiego,2015-04-22,,PCI Ebola,
Nzerekore,Beyla,Gbakedou,CSR Gbakedou,,public,Jhpiego,2015-04-22,,PCI Ebola,
Nzerekore,Beyla,Gbakedou,CSR Sobakono,,public,Jhpiego,2015-03-15,,PCI Ebola,
Nzerekore,Beyla,Gbessoba,CSR Gbessoba,,public,Jhpiego,2015-03-15,,PCI Ebola,
Nzerekore,Beyla,Gbessoba,PS/Gbessoba,,public,Jhpiego,2015-03-15,,PCI Ebola,
Nzerekore,Beyla,Karala,CSR Karala,,public,Jhpiego,2015-03-15,,PCI Ebola,
Nzerekore,Beyla,Koumandou,CSR Koumandou,,public,Jhpiego,2015-04-22,,PCI Ebola,
Nzerekore,Beyla,Koumandou,PS/Koumandou,,public,Jhpiego,2015-03-15,,PCI Ebola,
Nzerekore,Beyla,Moussadou,CSR Moussadou,,public,Jhpiego,2015-03-15,,PCI Ebola,
Nzerekore,Beyla,Nionsomoridou,CSR Nionsomoridou,,public,Jhpiego,2015-04-22,,PCI Ebola,
Nzerekore,Beyla,Sakourala,CSR Sokourala,,public,Jhpiego,2015-03-15,,PCI Ebola,
Nzerekore,Beyla,Sakourala,PS/Sokourala,,public,Jhpiego,2015-03-15,,PCI Ebola,
Nzerekore,Beyla,Samana,CSR Samana,,public,Jhpiego,2015-03-15,,PCI Ebola,
Nzerekore,Beyla,Samana,PS/Samana,,public,Jhpiego,2015-03-15,,PCI Ebola,
Nzerekore,Beyla,Sinko,CMC Sinko,,public,Jhpiego,2015-04-22,,PCI Ebola,
Nzerekore,Beyla,Sinko,CSR Sinko,,public,Jhpiego,2015-03-15,,PCI Ebola,
Nzerekore,Beyla,Sinko,PS/Sinko,,public,Jhpiego,2015-03-15,,PCI Ebola,
,,Dixinn,Clinique Stade,,prive,CRS,Oui,,PCI Ebola,
Conakry,Conakry,,Association pour le developpement medical et communautaire de Guinee,,prive,CRS,OUI,,PCI Ebola,
Conakry,Conakry,,CLS,,prive,CRS,OUI,,PCI Ebola,
Conakry,Conakry,,Cabinet Saint Andre,,prive,CRS,OUI,,PCI Ebola,
Conakry,Conakry,,Cabinet Votre Famille,,prive,CRS,OUI,,PCI Ebola,
Conakry,Conakry,,Centre Fowler,,prive,CRS,OUI,,PCI Ebola,
Conakry,Conakry,,Centre Medical Amitie,,prive,CRS,OUI,,PCI Ebola,
Conakry,Conakry,,Centre Medical Benjelo,,prive,CRS,OUI,,PCI Ebola,
Conakry,Conakry,,Centre Medical Espoir des enfants,,prive,CRS,OUI,,PCI Ebola,
Conakry,Conakry,,Centre Medical Fofana,,prive,CRS,OUI,,PCI Ebola,
Conakry,Conakry,,Centre Medical Fraternite Medicale de Guinee,,prive,CRS,OUI,,PCI Ebola,
Conakry,Conakry,,Centre Medical Kamilia,,prive,CRS,OUI,,PCI Ebola,
Conakry,Conakry,,Centre Medical Marie Therese,,prive,CRS,OUI,,PCI Ebola,
Conakry,Conakry,,Centre Medical Papa Gabriel,,prive,CRS,OUI,,PCI Ebola,
Conakry,Conakry,,Centre Medical Saint Jean,,prive,CRS,OUI,,PCI Ebola,
Conakry,Conakry,,Centre Medical Wassa-Wassa,,prive,CRS,OUI,,PCI Ebola,
Conakry,Conakry,,Centre Medical Dr Sow,,prive,CRS,OUI,,PCI Ebola,
Conakry,Conakry,,Centre pharmacope de Yimbaya,,prive,CRS,OUI,,PCI Ebola,
Conakry,Conakry,,Clinique Abidessa,,prive,CRS,OUI,,PCI Ebola,
Conakry,Conakry,,Clinique Association de survie D'Enfant,,prive,CRS,OUI,,PCI Ebola,
Conakry,Conakry,,Clinique Bomboli,,prive,CRS,OUI,,PCI Ebola,
Conakry,Conakry,,Clinique Bon Samaritin,,prive,CRS,OUI,,PCI Ebola,
Conakry,Conakry,,Clinique CNT,,prive,CRS,OUI,,PCI Ebola,
Conakry,Conakry,,Clinique Jebace,,prive,CRS,OUI,,PCI Ebola,
Conakry,Conakry,,Clinique Jeubagui,,prive,CRS,OUI,,PCI Ebola,
Conakry,Conakry,,Clinique Jour Dain,,prive,CRS,OUI,,PCI Ebola,
Conakry,Conakry,,Clinique Laveran,,prive,CRS,OUI,,PCI Ebola,
Conakry,Conakry,,Clinique Luice,,prive,CRS,OUI,,PCI Ebola,
Conakry,Conakry,,Clinique Makoubou,,prive,CRS,OUI,,PCI Ebola,
Conakry,Conakry,,Clinique Marcel Loua,,prive,CRS,OUI,,PCI Ebola,
Conakry,Conakry,,Clinique N'ko,,prive,CRS,OUI,,PCI Ebola,
Conakry,Conakry,,Clinique N'ko,,prive,CRS,OUI,,PCI Ebola,
Conakry,Conakry,,Clinique N'ko,,prive,CRS,OUI,,PCI Ebola,
Conakry,Conakry,,Clinique N'ko,,prive,CRS,OUI,,PCI Ebola,
Conakry,Conakry,,Clinique N'ko,,prive,CRS,OUI,,PCI Ebola,
Conakry,Conakry,,Clinique N'ko,,prive,CRS,OUI,,PCI Ebola,
Conakry,Conakry,,Clinique Odamas,,prive,CRS,OUI,,PCI Ebola,
Conakry,Conakry,,Clinique Odamas,,prive,CRS,OUI,,PCI Ebola,
Conakry,Conakry,,Clinique Odamas,,prive,CRS,OUI,,PCI Ebola,
Conakry,Conakry,,Clinique Odamas,,prive,CRS,OUI,,PCI Ebola,
Conakry,Conakry,,Clinique Odamas,,prive,CRS,OUI,,PCI Ebola,
Conakry,Conakry,,Clinique Odamas,,prive,CRS,OUI,,PCI Ebola,
Conakry,Conakry,,Clinique Papa Gabriel,,prive,CRS,,,PCI Ebola,
Conakry,Conakry,,Clinique Papa Gabriel,,prive,CRS,,,PCI Ebola,
Conakry,Conakry,,Clinique Papa Gabriel,,prive,CRS,,,PCI Ebola,
Conakry,Conakry,,Clinique Papa Gabriel,,prive,CRS,,,PCI Ebola,
Conakry,Conakry,,Clinique Papa Gabriel,,prive,CRS,,,PCI Ebola,
Conakry,Conakry,,Clinique Papa Gabriel,,prive,CRS,,,PCI Ebola,
Conakry,Conakry,,Clinique Saint Marc,,prive,CRS,OUI,,PCI Ebola,
Conakry,Conakry,,Clinique Saint Françoise,,prive,CRS,OUI,,PCI Ebola,
Conakry,Conakry,,Clinique Samadou,,prive,CRS,OUI,,PCI Ebola,
Conakry,Conakry,,Clinique Sandiya,,prive,CRS,OUI,,PCI Ebola,
Conakry,Conakry,,Clinique Toupou,,prive,CRS,OUI,,PCI Ebola,
Conakry,Conakry,,Clinique Yakonan,,prive,CRS,,,,
Conakry,Conakry,,Clinique de Seminaire,,prive,CRS,OUI,,PCI Ebola,
Conakry,Conakry,,Clinique la Sabine,,prive,CRS,OUI,,PCI Ebola,
Conakry,Conakry,,ONG AGUIDEA (Association Guineenne pour le Developpement de la Sante),,prive,CRS,OUI,,PCI Ebola,
Conakry,Conakry,,ONG Aide à La Jeunesse Africaine,,prive,CRS,OUI,,PCI Ebola,
Conakry,Conakry,,Pharmacie Kesso,,prive,CRS,OUI,,PCI Ebola,
Conakry,Conakry,,Pharmacie Saint Etienne,,prive,CRS,OUI,,PCI Ebola,
Conakry,Conakry,,Pharmacie des Jardins,,prive,CRS,OUI,,PCI Ebola,
Conakry,Conakry,,Saint Free Prosper,,prive,CRS,OUI,,PCI Ebola,
Conakry,Conakry,,centre Medical Galapo,,prive,CRS,OUI,,PCI Ebola,
Conakry,Conakry,,clinique Privee Elhadj Ibrahim,,prive,CRS,OUI,,PCI Ebola,
Conakry,Conakry,,clinique Sabine,,prive,CRS,OUI,,PCI Ebola,
Conakry,Conakry,Dixinn,AGBEF Camayenne,,public,CRS,oui,,PCI Ebola,
Conakry,Conakry,Dixinn,CMC Minière,,public,CRS,Oui,,PCI Ebola,
Conakry,Conakry,Dixinn,Cabmed Yasmin Dr Zaitouni Abdou BARRY,,prive,CRS,Oui,,PCI Ebola,
Conakry,Conakry,Dixinn,Centre De Santé Dixinn,,public,CRS,Oui,,PCI Ebola,
Conakry,Conakry,Dixinn,Centre De Santé Maciré,,public,CRS,Oui,,PCI Ebola,
Conakry,Conakry,Dixinn,Centre Medical kinsi,,prive,CRS,OUI,,PCI Ebola,
Conakry,Conakry,Dixinn,Centre Médical du Stade,,prive,CRS,Oui,,PCI Ebola,
Conakry,Conakry,Dixinn,Centre National de Transfusion de Sang,,public,CRS,oui,,PCI Ebola,
Conakry,Conakry,Dixinn,Clinique Dixinn Gare Rail,,prive,CRS,OUI,,PCI Ebola,
Conakry,Conakry,Dixinn,Clinique Ambroise Paré,,public,CRS,Oui,,PCI Ebola,
Conakry,Conakry,Dixinn,Clinique Bel Air,,prive,CRS,Oui,,PCI Ebola,
Conakry,Conakry,Dixinn,Clinique Dixinn,,prive,CRS,OUI,,PCI Ebola,
Conakry,Conakry,Dixinn,Clinique Dixinn,,prive,CRS,OUI,,PCI Ebola,
Conakry,Conakry,Dixinn,Clinique Pasteur,,public,CRS,Oui,,PCI Ebola,
Conakry,Conakry,Dixinn,FMG; minière,,prive,CRS,Oui,,PCI Ebola,
Conakry,Conakry,Dixinn,Gabriel SULTAN,,prive,CRS,Oui,,PCI Ebola,
Conakry,Conakry,Dixinn,Hafia minière FMG,,public,CRS,oui,,PCI Ebola,
Conakry,Conakry,Dixinn,Hôpital National Donka,,public,CRS,Oui,,PCI Ebola,
Conakry,Conakry,Dixinn,Polyclinique de Dixinn,,prive,CRS,Oui,,PCI Ebola,
Conakry,Conakry,Dixinn,Poste De Santé Hafia Mosquée,,public,CRS,oui,,PCI Ebola,
Conakry,Conakry,Dixinn,Université Gamal,,public,CRS,Oui,,PCI Ebola,
Conakry,Conakry,Kaloum,CS Fotoba -Solidarité pour la santé-,,prive,CRS,Oui,,PCI Ebola,
Conakry,Conakry,Kaloum,CS Toussaint,,prive,CRS,Oui,,PCI Ebola,
Conakry,Conakry,Kaloum,Cabinet Medical Dr Brigith Accar,,public,CRS,Oui,,PCI Ebola,
Conakry,Conakry,Kaloum,Cabmed comprestamed Dr CONDE,,prive,CRS,Oui,,PCI Ebola,
Conakry,Conakry,Kaloum,Centre De Santé De Boulbinet,,public,CRS,Oui,,PCI Ebola,
Conakry,Conakry,Kaloum,Centre De Santé De Kouléwondy,,public,CRS,Oui,,PCI Ebola,
Conakry,Conakry,Kaloum,Centre Medico Communal Bernard Kouchner,,public,CRS,Oui,,PCI Ebola,
Conakry,Conakry,Kaloum,Centre de santé Port,,public,CRS,Oui,,PCI Ebola,
Conakry,Conakry,Kaloum,Centre de santé mère et enfant de Coronthie,,public,CRS,Oui,,PCI Ebola,
Conakry,Conakry,Kaloum,Clinique Maawah de Sans fil Kaloum,,public,CRS,Oui,,PCI Ebola,
Conakry,Conakry,Kaloum,Hôpital National Ignace Deen,,public,CRS,Oui,,PCI Ebola,
Conakry,Conakry,Kaloum,Infirmerie centrale de la police,,prive,CRS,Oui,,PCI Ebola,
Conakry,Conakry,Kaloum,Jamal THERMOS,,prive,CRS,Oui,,PCI Ebola,
Conakry,Conakry,Kaloum,Pharmacie conseil,,prive,CRS,OUI,,PCI Ebola,
Conakry,Conakry,Matam,CMC Coléah,,public,CRS,Oui,,PCI Ebola,
Conakry,Conakry,Matam,CMC Matam,,public,CRS,Oui,,PCI Ebola,
Conakry,Conakry,Matam,CS Kalima de Madina,,prive,CRS,Oui,,PCI Ebola,
Conakry,Conakry,Matam,Cabinet De Soins,,public,CRS,Oui,,PCI Ebola,
Conakry,Conakry,Matam,Cabmed Dr Chérif HAIDARA,,prive,CRS,Oui,,PCI Ebola,
Conakry,Conakry,Matam,Centre De Santé De Matam,,public,CRS,Oui,,PCI Ebola,
Conakry,Conakry,Matam,Centre de santé Madina,,public,CRS,Oui,,PCI Ebola,
Conakry,Conakry,Matam,Clinique Ciba Riva,,prive,CRS,OUI,,PCI Ebola,
Conakry,Conakry,Matam,Clinique Internationale bel'air (Ciba),,public,CRS,Oui,,PCI Ebola,
Conakry,Conakry,Matam,FMG Carrière,,prive,CRS,Oui,,PCI Ebola,
Conakry,Conakry,Matam,Generosite Medicale De Guinee,,prive,CRS,OUI,,PCI Ebola,
Conakry,Conakry,Matam,ONG Jeune Chambre Intenationnale,,prive,CRS,OUI,,PCI Ebola,
Conakry,Conakry,Matoto,CENTRE DE SANTE BETHEL,,public,CRS,Oui,,PCI Ebola,
Conakry,Conakry,Matoto,CENTRE DE SANTE DE OISEEN,,public,CRS,Oui,,PCI Ebola,
Conakry,Conakry,Matoto,CS Ass Kissosso,,prive,CRS,Oui,,PCI Ebola,
Conakry,Conakry,Matoto,CS Bethel,,prive,CRS,Oui,,PCI Ebola,
Conakry,Conakry,Matoto,Cabinet D'Assistance Medico-Sociale,,public,CRS,Oui,,PCI Ebola,
Conakry,Conakry,Matoto,Cabinet Medical Chirurgical Associatif De Kissosso,,public,CRS,Oui,,PCI Ebola,
Conakry,Conakry,Matoto,Cabinet-Medical Carriere,,public,CRS,Oui,,PCI Ebola,
Conakry,Conakry,Matoto,Centre De Santé,,public,CRS,Oui,,PCI Ebola,
Conakry,Conakry,Matoto,Centre Genie Venge,,prive,CRS,OUI,,PCI Ebola,
Conakry,Conakry,Matoto,Centre Medical Espoir Gbessia,,prive,CRS,OUI,,PCI Ebola,
Conakry,Conakry,Matoto,Centre Medical Kamano,,prive,CRS,OUI,,PCI Ebola,
Conakry,Conakry,Matoto,Centre Medical Marcel Lamah,,prive,CRS,OUI,,PCI Ebola,
Conakry,Conakry,Matoto,Centre Medical Votre Famille,,prive,CRS,OUI,,PCI Ebola,
Conakry,Conakry,Matoto,Centre Medical Yah Kona,,prive,CRS,OUI,,PCI Ebola,
Conakry,Conakry,Matoto,Centre Medical Yimbaya,,prive,CRS,OUI,,PCI Ebola,
Conakry,Conakry,Matoto,Centre Medical Yongoto,,prive,CRS,OUI,,PCI Ebola,
Conakry,Conakry,Matoto,Centre Medical Saint Louis,,prive,CRS,OUI,,PCI Ebola,
Conakry,Conakry,Matoto,Centre Médical International,,prive,CRS,Oui,,PCI Ebola,
Conakry,Conakry,Matoto,Centre Recherche Fodé S,,public,CRS,Oui,,PCI Ebola,
Conakry,Conakry,Matoto,Centre de Santé Dabompa,,public,CRS,Oui,,PCI Ebola,
Conakry,Conakry,Matoto,Centre de Santé Enta Sud,,public,CRS,Oui,,PCI Ebola,
Conakry,Conakry,Matoto,Centre de Santé Matoto Centre,,public,CRS,Oui,,PCI Ebola,
Conakry,Conakry,Matoto,Centre de Santé Tanéné,,public,CRS,Oui,,PCI Ebola,
Conakry,Conakry,Matoto,Centre de Santé Yimbaya Ecole,,public,CRS,Oui,,PCI Ebola,
Conakry,Conakry,Matoto,Ciba,,public,CRS,Oui,,PCI Ebola,
Conakry,Conakry,Matoto,Clinique Associative Nationale des Medecins de Guinee,,prive,CRS,OUI,,PCI Ebola,
Conakry,Conakry,Matoto,Clinique Bel avenir pour tous,,prive,CRS,OUI,,PCI Ebola,
Conakry,Conakry,Matoto,Clinique Belle Donne,,prive,CRS,OUI,,PCI Ebola,
Conakry,Conakry,Matoto,Clinique Belle Progeniture,,prive,CRS,OUI,,PCI Ebola,
Conakry,Conakry,Matoto,Clinique Bobokozou,,prive,CRS,OUI,,PCI Ebola,
Conakry,Conakry,Matoto,Clinique Bonfi,,prive,CRS,OUI,,PCI Ebola,
Conakry,Conakry,Matoto,Clinique Churigical Medical de Concasseur,,prive,CRS,OUI,,PCI Ebola,
Conakry,Conakry,Matoto,Clinique Dabompa,,prive,CRS,OUI,,PCI Ebola,
Conakry,Conakry,Matoto,Clinique Kamano et Frere,,prive,CRS,OUI,,PCI Ebola,
Conakry,Conakry,Matoto,Clinique Medical de Gbessia,,public,CRS,Oui,,PCI Ebola,
Conakry,Conakry,Matoto,Clinique Médicale De Gbéssia - Centre Médical Internationale,,public,CRS,Oui,,PCI Ebola,
Conakry,Conakry,Matoto,Clinique Nelson Mandela,,prive,CRS,OUI,,PCI Ebola,
Conakry,Conakry,Matoto,Clinique Neurologique,,public,CRS,Oui,,PCI Ebola,
Conakry,Conakry,Matoto,Clinique de Gbessia,,prive,CRS,Oui,,PCI Ebola,
Conakry,Conakry,Matoto,Clinique privee matoto,,prive,CRS,OUI,,PCI Ebola,
Conakry,Conakry,Matoto,Dar-Es-Salam - 1,,public,CRS,Oui,,PCI Ebola,
Conakry,Conakry,Matoto,Dispensaire Saint Gabriel,,public,CRS,Oui,,PCI Ebola,
Conakry,Conakry,Matoto,Gbessia Port,,public,CRS,Oui,,PCI Ebola,
Conakry,Conakry,Matoto,Infirmerie centrale de la police,,public,CRS,Oui,,PCI Ebola,
Conakry,Conakry,Matoto,Jamal Thermos,,public,CRS,Oui,,PCI Ebola,
Conakry,Conakry,Matoto,Mission Alfa,,public,CRS,Oui,,PCI Ebola,
Conakry,Conakry,Matoto,Mission Alpha,,prive,CRS,Oui,,PCI Ebola,
Conakry,Conakry,Matoto,Mission Alpha; Tanènè,,prive,CRS,Oui,,PCI Ebola,
Conakry,Conakry,Matoto,ONG médical AFAD,,prive,CRS,Oui,,PCI Ebola,
Conakry,Conakry,Matoto,Polyclinique Dabompa,,prive,CRS,OUI,,PCI Ebola,
Conakry,Conakry,Matoto,Saint Gabriel,,prive,CRS,Oui,,PCI Ebola,
Conakry,Conakry,Matoto,Tombolia,,public,CRS,Oui,,PCI Ebola,
Conakry,Conakry,Matoto,clinique Tomboliya,,prive,CRS,OUI,,PCI Ebola,
Conakry,Conakry,Matoto,clinique Venus Berk,,prive,CRS,OUI,,PCI Ebola,
Conakry,Conakry,Ratoma,Croix Rouge,,prive,CRS,OUI,,PCI Ebola,
Conakry,Conakry,Ratoma,AGVS Wanindara,,prive,CRS,Oui,,PCI Ebola,
Conakry,Conakry,Ratoma,Anastasis Wanindara,,prive,CRS,Oui,,PCI Ebola,
Conakry,Conakry,Ratoma,Assemblée de Dieu,,prive,CRS,Oui,,PCI Ebola,
Conakry,Conakry,Ratoma,Association Guineenne de Volontaire de la Sante,,prive,CRS,OUI,,PCI Ebola,
Conakry,Conakry,Ratoma,Association Nationale des Amis Parasitoloagues et Environementaux de Guinee,,prive,CRS,OUI,,PCI Ebola,
Conakry,Conakry,Ratoma,CABINET MEDICAL DR KEMO CONDE,,public,CRS,Oui,,PCI Ebola,
Conakry,Conakry,Ratoma,CIMED,,public,CRS,Oui,,PCI Ebola,
Conakry,Conakry,Ratoma,CS Anastasis Nongo,,prive,CRS,Oui,,PCI Ebola,
Conakry,Conakry,Ratoma,CS Assemblée de Dieu,,prive,CRS,Oui,,PCI Ebola,
Conakry,Conakry,Ratoma,CS Associatif Benay Fotoba,,prive,CRS,Oui,,PCI Ebola,
Conakry,Conakry,Ratoma,CS Emmanuel,,prive,CRS,Oui,,PCI Ebola,
Conakry,Conakry,Ratoma,CS Yataya,,prive,CRS,Oui,,PCI Ebola,
Conakry,Conakry,Ratoma,Cabinet Prive Yataya,,prive,CRS,OUI,,PCI Ebola,
Conakry,Conakry,Ratoma,Cabinet d'Imagerie Medical d'exploration et de Dianostique,,prive,CRS,OUI,,PCI Ebola,
Conakry,Conakry,Ratoma,Cabmed Ballal Koin,,prive,CRS,Oui,,PCI Ebola,
Conakry,Conakry,Ratoma,Cabmed Dr Sékou DONZO,,prive,CRS,Oui,,PCI Ebola,
Conakry,Conakry,Ratoma,Cabmed Matoto Dr Bademba,,prive,CRS,Oui,,PCI Ebola,
Conakry,Conakry,Ratoma,Cabmed Mermoz,,prive,CRS,Oui,,PCI Ebola,
Conakry,Conakry,Ratoma,Centre De Santé Belle-Vue Coloyah,,public,CRS,Oui,,PCI Ebola,
Conakry,Conakry,Ratoma,Centre De Santé Kaporo,,public,CRS,Oui,,PCI Ebola,
Conakry,Conakry,Ratoma,Centre De Santé Kipe,,public,CRS,Oui,,PCI Ebola,
Conakry,Conakry,Ratoma,Centre De Santé Nongo,,public,CRS,Oui,,PCI Ebola,
Conakry,Conakry,Ratoma,Centre De Santé Simbaya,,public,CRS,Oui,,PCI Ebola,
Conakry,Conakry,Ratoma,Centre De Santé Soloprimo,,public,CRS,Oui,,PCI Ebola,
Conakry,Conakry,Ratoma,Centre De Santé Yembeyia,,public,CRS,Oui,,PCI Ebola,
Conakry,Conakry,Ratoma,Centre Med les Chérubins,,prive,CRS,Oui,,PCI Ebola,
Conakry,Conakry,Ratoma,Centre Medical Communal Flamboyant,,public,CRS,Oui,,PCI Ebola,
Conakry,Conakry,Ratoma,Centre Medical Espace Sante pour tous à Koloma,,prive,CRS,OUI,,PCI Ebola,
Conakry,Conakry,Ratoma,Centre Medical Kipe,,public,CRS,Oui,,PCI Ebola,
Conakry,Conakry,Ratoma,Centre Medical Lambanyi,,prive,CRS,OUI,,PCI Ebola,
Conakry,Conakry,Ratoma,Centre Medical Mouna,,prive,CRS,OUI,,PCI Ebola,
Conakry,Conakry,Ratoma,Centre Medical Negue,,prive,CRS,OUI,,PCI Ebola,
Conakry,Conakry,Ratoma,Centre Medical Ratoma,,prive,CRS,OUI,,PCI Ebola,
Conakry,Conakry,Ratoma,Centre Medical T6,,public,CRS,Oui,,PCI Ebola,
Conakry,Conakry,Ratoma,Centre Medical Yattaya,,prive,CRS,OUI,,PCI Ebola,
Conakry,Conakry,Ratoma,Centre Medical Kinifi,,prive,CRS,OUI,,PCI Ebola,
Conakry,Conakry,Ratoma,"Centre d'Ecoute, de Conseil et d'orientation Jeunes",,prive,CRS,OUI,,PCI Ebola,
Conakry,Conakry,Ratoma,Centre de Sante la Grace,,public,CRS,Oui,,PCI Ebola,
Conakry,Conakry,Ratoma,Centre de Santé Kobaya,,public,CRS,Oui,,PCI Ebola,
Conakry,Conakry,Ratoma,Centre de Santé Koloma,,public,CRS,Oui,,PCI Ebola,
Conakry,Conakry,Ratoma,Centre de Santé Lambanyi,,public,CRS,Oui,,PCI Ebola,
Conakry,Conakry,Ratoma,Centre de Santé Simbaya Gare,,public,CRS,Oui,,PCI Ebola,
Conakry,Conakry,Ratoma,Centre de Santé Sonfonia,,public,CRS,Oui,,PCI Ebola,
Conakry,Conakry,Ratoma,Centre de Santé Wanindara,,public,CRS,Oui,,PCI Ebola,
Conakry,Conakry,Ratoma,Centre Action et l'integration Mere et Enfant,,prive,CRS,OUI,,PCI Ebola,
Conakry,Conakry,Ratoma,Clinique AL-Imane,,prive,CRS,OUI,,PCI Ebola,
Conakry,Conakry,Ratoma,Clinique Anta Marche,,prive,CRS,OUI,,PCI Ebola,
Conakry,Conakry,Ratoma,Clinique Avicenne,,prive,CRS,OUI,,PCI Ebola,
Conakry,Conakry,Ratoma,Clinique Cosa,,prive,CRS,OUI,,PCI Ebola,
Conakry,Conakry,Ratoma,Clinique Enco5,,prive,CRS,OUI,,PCI Ebola,
Conakry,Conakry,Ratoma,Clinique Enco5,,public,CRS,Oui,,PCI Ebola,
Conakry,Conakry,Ratoma,Clinique Freemant,,prive,CRS,OUI,,PCI Ebola,
Conakry,Conakry,Ratoma,Clinique Hamdallaye,,prive,CRS,OUI,,PCI Ebola,
Conakry,Conakry,Ratoma,Clinique Kakimbo,,prive,CRS,OUI,,PCI Ebola,
Conakry,Conakry,Ratoma,Clinique Kaporo,,prive,CRS,OUI,,PCI Ebola,
Conakry,Conakry,Ratoma,Clinique Kobaya,,prive,CRS,OUI,,PCI Ebola,
Conakry,Conakry,Ratoma,Clinique Koloma,,prive,CRS,OUI,,PCI Ebola,
Conakry,Conakry,Ratoma,Clinique La Grace,,prive,CRS,OUI,,PCI Ebola,
Conakry,Conakry,Ratoma,Clinique Lambanyi,,prive,CRS,OUI,,PCI Ebola,
Conakry,Conakry,Ratoma,Clinique Maimouna,,prive,CRS,OUI,,PCI Ebola,
Conakry,Conakry,Ratoma,Clinique Mere et Enfant,,prive,CRS,OUI,,PCI Ebola,
Conakry,Conakry,Ratoma,Clinique Mère et Enfant,,public,CRS,Oui,,PCI Ebola,
Conakry,Conakry,Ratoma,Clinique Nassouroulaye,,prive,CRS,OUI,,PCI Ebola,
Conakry,Conakry,Ratoma,Clinique Saint George,,prive,CRS,OUI,,PCI Ebola,
Conakry,Conakry,Ratoma,Clinique Samou de Bambeto,,prive,CRS,OUI,,PCI Ebola,
Conakry,Conakry,Ratoma,Clinique Simanbossia,,prive,CRS,OUI,,PCI Ebola,
Conakry,Conakry,Ratoma,Clinique Yattaya,,prive,CRS,OUI,,PCI Ebola,
Conakry,Conakry,Ratoma,Clinique sonfonia,,prive,CRS,OUI,,PCI Ebola,
Conakry,Conakry,Ratoma,Cmed Balkan,,prive,CRS,Oui,,PCI Ebola,
Conakry,Conakry,Ratoma,Dynapharm Koloma,,prive,CRS,OUI,,PCI Ebola,
Conakry,Conakry,Ratoma,Ecole Superieure de Sage Femme de Kobayah,,prive,CRS,OUI,,PCI Ebola,
Conakry,Conakry,Ratoma,Hospital Jean Paul II,,public,CRS,Oui,,PCI Ebola,
Conakry,Conakry,Ratoma,Infirmerie de l'Institut Superieur et Scientifique de l'Education de Guinee,,public,CRS,Oui,,PCI Ebola,
Conakry,Conakry,Ratoma,Jean Paul 2,,prive,CRS,Oui,,PCI Ebola,
Conakry,Conakry,Ratoma,ONG AVOSA,,prive,CRS,OUI,,PCI Ebola,
Conakry,Conakry,Ratoma,ONG Association Guineenne de Techniciens Biologistes,,prive,CRS,OUI,,PCI Ebola,
Conakry,Conakry,Ratoma,ONG Green Guinee,,prive,CRS,OUI,,PCI Ebola,
Conakry,Conakry,Ratoma,ONG Jeunes Unis pour le Developpement Sanitaire de Guinee,,prive,CRS,OUI,,PCI Ebola,
Conakry,Conakry,Ratoma,ONG Monde des enfants,,prive,CRS,OUI,,PCI Ebola,
Conakry,Conakry,Ratoma,Pharmacie Doungou,,prive,CRS,,,,
Conakry,Conakry,Ratoma,Pharmacie Hamdallaye,,prive,CRS,OUI,,PCI Ebola,
Conakry,Conakry,Ratoma,Polyclinique Cosa,,prive,CRS,OUI,,PCI Ebola,
Conakry,Conakry,Ratoma,Polyclinique Dongomet,,prive,CRS,OUI,,PCI Ebola,
Conakry,Conakry,Ratoma,Polyclinique Eau Vive,,prive,CRS,OUI,,PCI Ebola,
Conakry,Conakry,Ratoma,Polyclinique Simbaya,,prive,CRS,OUI,,PCI Ebola,
Conakry,Conakry,Ratoma,Polyclinique Simbaya,,prive,CRS,OUI,,PCI Ebola,
Conakry,Conakry,Ratoma,RN Simbaya,,prive,CRS,OUI,,PCI Ebola,
Conakry,Conakry,Ratoma,RN Simbaya,,prive,CRS,OUI,,PCI Ebola,
Conakry,Conakry,Ratoma,SAMU Bambeto,,prive,CRS,OUI,,PCI Ebola,
Conakry,Conakry,Ratoma,SAMU Bambeto,,prive,CRS,OUI,,PCI Ebola,
Conakry,Conakry,Ratoma,SOS Hepatite Guinee,,prive,CRS,OUI,,PCI Ebola,
Conakry,Conakry,Ratoma,Sainte Cathy,,prive,CRS,OUI,,PCI Ebola,
Conakry,Conakry,Ratoma,Sainte Cathy,,prive,CRS,OUI,,PCI Ebola,
Conakry,Conakry,Ratoma,Servive Sanitaire d'Intervention Rapide,,prive,CRS,OUI,,PCI Ebola,
Conakry,Conakry,Ratoma,Servive Sanitaire d'Intervention Rapide,,prive,CRS,OUI,,PCI Ebola,
Conakry,Conakry,Ratoma,Servive Sanitaire d'Intervention Rapide,,prive,CRS,OUI,,PCI Ebola,
Kankan,Kankan,Kankan Ctre,Kalima,,prive,CRS,Oui,,PCI Ebola,
Kankan,Kerouane,,Damaro,,prive,CRS,15-16/12/2014,,PCI Ebola,
Kankan,Kerouane,,Gbenko Cite,,prive,CRS,15-16/12/2014,,PCI Ebola,
Kankan,Kerouane,,MAKA SORYMAYA,,public,CRS,15-16/12/2014,,PCI Ebola,
Kankan,Kerouane,Banankoro,Secteur 2 - Banankoro Centre de Santé,,public,CRS,15-16/12/2014,,PCI Ebola,
Kankan,Kerouane,Damaro,Damaro Centre de Santé,,public,CRS,15-16/12/2014,,PCI Ebola,
Kankan,Kerouane,Kerouane Ctre,Hopital Préfectoral Kerouane,,public,CRS,15-16/12/2014,,PCI Ebola,
Kankan,Kerouane,Kerouane Ctre,Kerouane Centre de Santé,,public,CRS,15-16/12/2014,,PCI Ebola,
Kankan,Kerouane,Komodou,Komodou Centre de Santé,,public,CRS,15-16/12/2014,,PCI Ebola,
Kankan,Kerouane,Konsankoro,Kounsankoro Centre de Santé,,public,CRS,15-16/12/2014,,PCI Ebola,
Kankan,Kerouane,Linko,Linko Centre de Santé,,public,CRS,15-16/12/2014,,PCI Ebola,
Kankan,Kerouane,Sibiribaro,Sibiribaro Centre de Santé,,public,CRS,15-16/12/2014,,PCI Ebola,
Kankan,Kerouane,Soromaya,Maka-Férédou,,public,CRS,15-16/12/2014,,PCI Ebola,
Kankan,Kerouane,Soromaya,Soromaya Centre de Santé,,public,CRS,15-16/12/2014,,PCI Ebola,
Kankan,Kerouane,Soromaya,poste de sante SANANKORONI,,public,CRS,15-16/12/2014,,PCI Ebola,
Kankan,Kerouane,Soromaya,poste de sante Soromaya,,public,CRS,15-16/12/2014,,PCI Ebola,
Nzerekore,Macenta,,Centre de Sante Patrice,,public,CRS,6-7/12/2014,,PCI Ebola,
Nzerekore,Macenta,,centre de sante Bowa,,public,CRS,4-5/12/2014,,PCI Ebola,
Nzerekore,Macenta,,centre de sante Hermakono,,public,CRS,4-5/12/2014,,PCI Ebola,
Nzerekore,Macenta,Balizia,Centre de Santé Balizéa,,public,CRS,6-7/12/2014,,PCI Ebola,
Nzerekore,Macenta,Bofossou,Centre de Santé Bofossou,,public,CRS,6-7/12/2014,,PCI Ebola,
Nzerekore,Macenta,Daro,Centre de Santé Daro,,public,CRS,4-5/12/2014,,PCI Ebola,
Nzerekore,Macenta,Daro,Centre de santa N'Deleou,,public,CRS,complet,,PCI Ebola,
Nzerekore,Macenta,Daro,N'Deleou,,public,CRS,complet,,PCI Ebola,
Nzerekore,Macenta,Fassankoni,Centre de Santé Fassankoni,,public,CRS,complet,,PCI Ebola,
Nzerekore,Macenta,Kouankan,Communautaire Dondano,,public,CRS,4-5/12/2014,,PCI Ebola,
Nzerekore,Macenta,Koyamah,Centre de Santé Koyamah,,public,CRS,6-7/12/2014,,PCI Ebola,
Nzerekore,Macenta,Koyamah,N'Zappa (Communautaire),,public,CRS,complete,,PCI Ebola,
Nzerekore,Macenta,Koyamah,PS Zatouila,,public,CRS,complete,,PCI Ebola,
Nzerekore,Macenta,Macenta Ctre,"Centre de Santé Quartier Bowa, Mac.",,public,CRS,6-7/12/2014,,PCI Ebola,
Nzerekore,Macenta,Macenta Ctre,Direction Prefectorale de la Sante,,public,CRS,complete,,PCI Ebola,
Nzerekore,Macenta,Macenta Ctre,Hopital Préfectoral Macenta,,public,CRS,4-5/12/2014,,PCI Ebola,
Nzerekore,Macenta,Macenta Ctre,MISSION Philafricaine de Macenta,,public,CRS,Complet,,PCI Ebola,
Nzerekore,Macenta,Macenta Ctre,MISSION SIDA,,public,CRS,Complet,,PCI Ebola,
Nzerekore,Macenta,Macenta Ctre,centre de sante Hermakono,,public,CRS,complete,,PCI Ebola,
Nzerekore,Macenta,Nzebela,Bayamah,,public,CRS,complet,,PCI Ebola,
Nzerekore,Macenta,Nzebela,Centre de Santé Nzebela,,public,CRS,6-7/12/2014,,PCI Ebola,
Nzerekore,Macenta,Nzebela,Gaola,,public,CRS,complete,,PCI Ebola,
Nzerekore,Macenta,Ouremai,Centre de Santé Ouremai,,public,CRS,6-7/12/2014,,PCI Ebola,
Nzerekore,Macenta,Ouremai,Zobroma,,public,CRS,complete,,PCI Ebola,
Nzerekore,Macenta,Panziazou,Centre de Santé Panziazou,,public,CRS,6-7/12/2014,,PCI Ebola,
Nzerekore,Macenta,Panziazou,Gozobova,,public,CRS,Complet,,PCI Ebola,
Nzerekore,Macenta,Panziazou,Guilaotazou,,public,CRS,Complet,,PCI Ebola,
Nzerekore,Macenta,Panziazou,Ziaovassama,,public,CRS,Complet,,PCI Ebola,
Nzerekore,Macenta,Sengbedou,Makabaladou,,public,CRS,complete,,PCI Ebola,
Nzerekore,Macenta,Seredou,Centre de Santé Seredou,,public,CRS,4-5/12/2014,,PCI Ebola,
Nzerekore,Macenta,Seredou,ireye,,public,CRS,complete,,PCI Ebola,
Nzerekore,Macenta,Vasseredou,Centre de Santé Vasérédou,,public,CRS,,,PCI Ebola,
Nzerekore,Macenta,Watanka,Centre de Santé Watanka,,public,CRS,4-5/12/2014,,PCI Ebola,
Nzerekore,Macenta,Watanka,Sogoloou,,public,CRS,4-5/12/2014,,PCI Ebola,
Nzerekore,Nzerekore,,Centre de Sante Base Militaire,,prive,CRS,complete,,PCI Ebola,
Nzerekore,Nzerekore,,CTE de Loule,,prive,CRS,complete,,PCI Ebola,
Nzerekore,Nzerekore,,Cabinet Medical Mohomou,,prive,CRS,complete,,PCI Ebola,
Nzerekore,Nzerekore,,Centre ASAS,,prive,CRS,complete,,PCI Ebola,
Nzerekore,Nzerekore,,Centre Hospitalier Ulcere de Buruli,,prive,CRS,complete,,PCI Ebola,
Nzerekore,Nzerekore,,Centre Medical Michel,,prive,CRS,complete,,PCI Ebola,
Nzerekore,Nzerekore,,Centre Medical Siba Kalivogui,,prive,CRS,complete,,PCI Ebola,
Nzerekore,Nzerekore,,Centre Medical Associatif N'zao,,prive,CRS,complete,,PCI Ebola,
Nzerekore,Nzerekore,,Centre Medical Prive (Sans Nom),,prive,CRS,complete,,PCI Ebola,
Nzerekore,Nzerekore,,Centre Medical Reference Boma,,prive,CRS,complete,,PCI Ebola,
Nzerekore,Nzerekore,,Centre Medical Votre Famille,,prive,CRS,complete,,PCI Ebola,
Nzerekore,Nzerekore,,Centre Psychiatrique Boma,,prive,CRS,complete,,PCI Ebola,
Nzerekore,Nzerekore,,Centre Universitaire,,prive,CRS,complete,,PCI Ebola,
Nzerekore,Nzerekore,,Centre Medical de Guinee,,prive,CRS,complete,,PCI Ebola,
Nzerekore,Nzerekore,,Clininique Cherubins Mboma,,prive,CRS,complete,,PCI Ebola,
Nzerekore,Nzerekore,,Clinique Charlotte,,prive,CRS,complete,,PCI Ebola,
Nzerekore,Nzerekore,,Clinique Chinoise,,prive,CRS,complete,,PCI Ebola,
Nzerekore,Nzerekore,,Clinique Chris Esprit Saint,,prive,CRS,complete,,PCI Ebola,
Nzerekore,Nzerekore,,Clinique Dorota,,prive,CRS,complete,,PCI Ebola,
Nzerekore,Nzerekore,,Clinique Dorota 2,,prive,CRS,complete,,PCI Ebola,
Nzerekore,Nzerekore,,Clinique Esperance,,prive,CRS,complete,,PCI Ebola,
Nzerekore,Nzerekore,,Clinique Fanta Isabelle,,prive,CRS,complete,,PCI Ebola,
Nzerekore,Nzerekore,,Clinique Felix,,prive,CRS,complete,,PCI Ebola,
Nzerekore,Nzerekore,,Clinique Finda,,prive,CRS,complete,,PCI Ebola,
Nzerekore,Nzerekore,,Clinique Gbangana,,prive,CRS,complete,,PCI Ebola,
Nzerekore,Nzerekore,,Clinique Kadia Diakite,,prive,CRS,complete,,PCI Ebola,
Nzerekore,Nzerekore,,Clinique LOUA Nathalie,,prive,CRS,complete,,PCI Ebola,
Nzerekore,Nzerekore,,Clinique Modele,,prive,CRS,complete,,PCI Ebola,
Nzerekore,Nzerekore,,Clinique Nassafa,,prive,CRS,complete,,PCI Ebola,
Nzerekore,Nzerekore,,Clinique Nijeu,,prive,CRS,complete,,PCI Ebola,
Nzerekore,Nzerekore,,Clinique Paul Tolno,,prive,CRS,complete,,PCI Ebola,
Nzerekore,Nzerekore,,Clinique Privee Amitie,,prive,CRS,complete,,PCI Ebola,
Nzerekore,Nzerekore,,Clinique Privee Boma,,prive,CRS,complete,,PCI Ebola,
Nzerekore,Nzerekore,,Clinique Privee Conde et frere,,prive,CRS,complete,,PCI Ebola,
Nzerekore,Nzerekore,,Clinique Privee Dorota,,prive,CRS,complete,,PCI Ebola,
Nzerekore,Nzerekore,,Clinique Privee Faya,,prive,CRS,complete,,PCI Ebola,
Nzerekore,Nzerekore,,Clinique Privee Finda,,prive,CRS,complete,,PCI Ebola,
Nzerekore,Nzerekore,,Clinique Privee Gonia,,prive,CRS,complete,,PCI Ebola,
Nzerekore,Nzerekore,,Clinique Privee HABA,,prive,CRS,complete,,PCI Ebola,
Nzerekore,Nzerekore,,Clinique Privee Huguette,,prive,CRS,complete,,PCI Ebola,
Nzerekore,Nzerekore,,Clinique Privee Kebe,,prive,CRS,complete,,PCI Ebola,
Nzerekore,Nzerekore,,Clinique Privee Kona,,prive,CRS,complete,,PCI Ebola,
Nzerekore,Nzerekore,,Clinique Privee La grace,,prive,CRS,complete,,PCI Ebola,
Nzerekore,Nzerekore,,Clinique Privee Lamah,,prive,CRS,complete,,PCI Ebola,
Nzerekore,Nzerekore,,Clinique Privee Liberien,,prive,CRS,complete,,PCI Ebola,
Nzerekore,Nzerekore,,Clinique Privee Nyen,,prive,CRS,complete,,PCI Ebola,
Nzerekore,Nzerekore,,Clinique Privee Oulare,,prive,CRS,complete,,PCI Ebola,
Nzerekore,Nzerekore,,Clinique Privee Philippe,,prive,CRS,complete,,PCI Ebola,
Nzerekore,Nzerekore,,Clinique Privee Reference,,prive,CRS,complete,,PCI Ebola,
Nzerekore,Nzerekore,,Clinique Privee Renaissance,,prive,CRS,complete,,PCI Ebola,
Nzerekore,Nzerekore,,Clinique Privee Sabari,,prive,CRS,complete,,PCI Ebola,
Nzerekore,Nzerekore,,Clinique Privee Saint Jean,,prive,CRS,complete,,PCI Ebola,
Nzerekore,Nzerekore,,Clinique Privee Sangareya,,prive,CRS,complete,,PCI Ebola,
Nzerekore,Nzerekore,,Clinique Privee Sidiki,,prive,CRS,complete,,PCI Ebola,
Nzerekore,Nzerekore,,Clinique Privee Tolno,,prive,CRS,complete,,PCI Ebola,
Nzerekore,Nzerekore,,Clinique Privee Toupou,,prive,CRS,complete,,PCI Ebola,
Nzerekore,Nzerekore,,Clinique Privee Zali,,prive,CRS,complete,,PCI Ebola,
Nzerekore,Nzerekore,,Clinique Privee Ziama,,prive,CRS,complete,,PCI Ebola,
Nzerekore,Nzerekore,,Clinique Privee beavogui,,prive,CRS,complete,,PCI Ebola,
Nzerekore,Nzerekore,,Clinique PriveeTraore,,prive,CRS,complete,,PCI Ebola,
Nzerekore,Nzerekore,,Clinique Privee  Sine,,prive,CRS,complete,,PCI Ebola,
Nzerekore,Nzerekore,,Clinique Privee Reference,,prive,CRS,complete,,PCI Ebola,
Nzerekore,Nzerekore,,Clinique Privée Saint Michel,,prive,CRS,complete,,PCI Ebola,
Nzerekore,Nzerekore,,Clinique RHIE Milimono,,prive,CRS,complete,,PCI Ebola,
Nzerekore,Nzerekore,,Clinique Saint Augustin,,prive,CRS,complete,,PCI Ebola,
Nzerekore,Nzerekore,,Clinique Saint Chanly,,prive,CRS,complete,,PCI Ebola,
Nzerekore,Nzerekore,,Clinique Saint Francois,,prive,CRS,complete,,PCI Ebola,
Nzerekore,Nzerekore,,Clinique Saint Joseph,,prive,CRS,complete,,PCI Ebola,
Nzerekore,Nzerekore,,Clinique Sercodev,,prive,CRS,complete,,PCI Ebola,
Nzerekore,Nzerekore,,Clinique privee Saly,,prive,CRS,complete,,PCI Ebola,
Nzerekore,Nzerekore,,Clinique privee Kpama II,,prive,CRS,complete,,PCI Ebola,
Nzerekore,Nzerekore,,Clinique privee les Cherubins,,prive,CRS,complete,,PCI Ebola,
Nzerekore,Nzerekore,,Clinique  Privee Oulare,,prive,CRS,complete,,PCI Ebola,
Nzerekore,Nzerekore,,Direction Prefectorale de la Sante,,prive,CRS,complete,,PCI Ebola,
Nzerekore,Nzerekore,,Dispensaire HCR,,prive,CRS,complete,,PCI Ebola,
Nzerekore,Nzerekore,,Dispensaire Synergie,,prive,CRS,complete,,PCI Ebola,
Nzerekore,Nzerekore,,ESICON,,prive,CRS,complete,,PCI Ebola,
Nzerekore,Nzerekore,,Ecole de Sante kissidougou,,prive,CRS,complete,,PCI Ebola,
Nzerekore,Nzerekore,,Hopital Préfectoral de Macenta,,prive,CRS,complete,,PCI Ebola,
Nzerekore,Nzerekore,,Hopital Regional,,prive,CRS,complete,,PCI Ebola,
Nzerekore,Nzerekore,,Infirmerie Helène Johnson,,prive,CRS,complete,,PCI Ebola,
Nzerekore,Nzerekore,,Labo Ninamou,,prive,CRS,complete,,PCI Ebola,
Nzerekore,Nzerekore,,Lepre et Tuberculose (LTO),,prive,CRS,complete,,PCI Ebola,
Nzerekore,Nzerekore,,Mission Philafricaine de Macenta,,prive,CRS,complete,,PCI Ebola,
Nzerekore,Nzerekore,,ONG Association Aide Sanitare,,prive,CRS,complete,,PCI Ebola,
Nzerekore,Nzerekore,,Pharmacie Dorota,,prive,CRS,complete,,PCI Ebola,
Nzerekore,Nzerekore,,Pharmacie Lamah,,prive,CRS,complete,,PCI Ebola,
Nzerekore,Nzerekore,,Pharmacie Ories,,prive,CRS,complete,,PCI Ebola,
Nzerekore,Nzerekore,,Pharmacie Sandou et Frere,,prive,CRS,complete,,PCI Ebola,
Nzerekore,Nzerekore,,Pharmacie du Centre,,prive,CRS,complete,,PCI Ebola,
Nzerekore,Nzerekore,,Reference Samuel,,prive,CRS,complete,,PCI Ebola,
Nzerekore,Nzerekore,,SBC Kohoh,,prive,CRS,complete,,PCI Ebola,
Nzerekore,Nzerekore,,SSC,,prive,CRS,complete,,PCI Ebola,
Nzerekore,Nzerekore,,Tantegbe Croix,,prive,CRS,complete,,PCI Ebola,
Nzerekore,Nzerekore,,Universite pour le Developpement Communal,,prive,CRS,complete,,PCI Ebola,
Nzerekore,Nzerekore,,Zebela Tokpa,,prive,CRS,complete,,PCI Ebola,
Nzerekore,Nzerekore,,clinique privee,,prive,CRS,complete,,PCI Ebola,
Nzerekore,Nzerekore,Bounouma,Bounouma,,public,CRS,Oui,,PCI Ebola,
Nzerekore,Nzerekore,Bounouma,Kankoré,,public,CRS,Oui,,PCI Ebola,
Nzerekore,Nzerekore,Bounouma,Kpao,,public,CRS,Oui,,PCI Ebola,
Nzerekore,Nzerekore,Bounouma,Kéréma,,public,CRS,Oui,,PCI Ebola,
Nzerekore,Nzerekore,Gouecke,Banzou Nord,,public,CRS,Oui,,PCI Ebola,
Nzerekore,Nzerekore,Gouecke,Cedba,,public,CRS,Oui,,PCI Ebola,
Nzerekore,Nzerekore,Gouecke,Centre de Santé Gouecke,,public,CRS,Oui,,PCI Ebola,
Nzerekore,Nzerekore,Gouecke,Nona,,public,CRS,Oui,,PCI Ebola,
Nzerekore,Nzerekore,Gouecke,Tamoé,,public,CRS,Oui,,PCI Ebola,
Nzerekore,Nzerekore,Kobela,Centre de Santé Kobela,,public,CRS,Oui,,PCI Ebola,
Nzerekore,Nzerekore,Kobela,Zogota,,public,CRS,Oui,,PCI Ebola,
Nzerekore,Nzerekore,Koropara,"Gnema-Nord (Nema, Nyema)",,public,CRS,Oui,,PCI Ebola,
Nzerekore,Nzerekore,Koropara,Kognea,,public,CRS,Oui,,PCI Ebola,
Nzerekore,Nzerekore,Koropara,Koroh,,public,CRS,Oui,,PCI Ebola,
Nzerekore,Nzerekore,Koropara,Lomou,,public,CRS,Oui,,PCI Ebola,
Nzerekore,Nzerekore,Koropara,Magbana,,public,CRS,Oui,,PCI Ebola,
Nzerekore,Nzerekore,Koropara,Makpozou,,public,CRS,Oui,,PCI Ebola,
Nzerekore,Nzerekore,Koule,Centre de Sante Koule,,public,CRS,Oui,,PCI Ebola,
Nzerekore,Nzerekore,Koule,Kelemenda,,public,CRS,Oui,,PCI Ebola,
Nzerekore,Nzerekore,Koule,Kerezagaye,,public,CRS,Oui,,PCI Ebola,
Nzerekore,Nzerekore,Koule,Kpaya,,public,CRS,Oui,,PCI Ebola,
Nzerekore,Nzerekore,Koule,Pampara,,public,CRS,Oui,,PCI Ebola,
Nzerekore,Nzerekore,Koule,Yalakpala,,public,CRS,Oui,,PCI Ebola,
Nzerekore,Nzerekore,Nzerekore Ctre,Nye II,,public,CRS,Oui,,PCI Ebola,
Nzerekore,Nzerekore,Nzerekore Ctre,Cabinet soins ophtalmologiques,,prive,CRS,complete,,PCI Ebola,
Nzerekore,Nzerekore,Nzerekore Ctre,Centre de Santé NZ Commercial,,public,CRS,Oui,,PCI Ebola,
Nzerekore,Nzerekore,Nzerekore Ctre,Centre de Santé NZ Dorota,,public,CRS,Oui,,PCI Ebola,
Nzerekore,Nzerekore,Nzerekore Ctre,Centre de Santé NZ Gonian,,public,CRS,Oui,,PCI Ebola,
Nzerekore,Nzerekore,Nzerekore Ctre,Centre de Santé NZ Horoya,,public,CRS,Oui,,PCI Ebola,
Nzerekore,Nzerekore,Nzerekore Ctre,Centre de Santé NZ Mohomou,,public,CRS,Oui,,PCI Ebola,
Nzerekore,Nzerekore,Nzerekore Ctre,Centre de sante Nye,,public,CRS,Oui,,PCI Ebola,
Nzerekore,Nzerekore,Nzerekore Ctre,Hopital Regional N'Zerekore,,public,CRS,Oui,,PCI Ebola,
Nzerekore,Nzerekore,Nzerekore Ctre,Hopital Régional N'zérékoré,,public,CRS,Oui,,PCI Ebola,
Nzerekore,Nzerekore,Nzerekore Ctre,Labo Habas,,prive,CRS,complete,,PCI Ebola,
Nzerekore,Nzerekore,Nzerekore Ctre,Mohomou,,public,CRS,Oui,,PCI Ebola,
Nzerekore,Nzerekore,Nzerekore Ctre,Nye,,public,CRS,Oui,,PCI Ebola,
Nzerekore,Nzerekore,Nzerekore Ctre,Poste Santé Wessoua,,public,CRS,Oui,,PCI Ebola,
Nzerekore,Nzerekore,Nzerekore Ctre,Poste de Sante Gonia III,,public,CRS,Oui,,PCI Ebola,
Nzerekore,Nzerekore,Nzerekore Ctre,Soukoura,,public,CRS,Oui,,PCI Ebola,
Nzerekore,Nzerekore,Nzerekore Ctre,centre Universitaire,,public,CRS,Oui,,PCI Ebola,
Nzerekore,Nzerekore,Nzerekore Ctre,centre de sante Tripano,,public,CRS,Oui,,PCI Ebola,
Nzerekore,Nzerekore,Pale,Keorah,,public,CRS,Oui,,PCI Ebola,
Nzerekore,Nzerekore,Pale,Ouyèyè,,public,CRS,Oui,,PCI Ebola,
Nzerekore,Nzerekore,Pale,Pale,,public,CRS,Oui,,PCI Ebola,
Nzerekore,Nzerekore,Samoe,Centre de Santé Samoy,,public,CRS,Oui,,PCI Ebola,
Nzerekore,Nzerekore,Samoe,Gnampara,,public,CRS,Oui,,PCI Ebola,
Nzerekore,Nzerekore,Samoe,Gnema-Sud-Centre,,public,CRS,Oui,,PCI Ebola,
Nzerekore,Nzerekore,Samoe,Komou,,public,CRS,Oui,,PCI Ebola,
Nzerekore,Nzerekore,Samoe,Koronta,,public,CRS,Oui,,PCI Ebola,
Nzerekore,Nzerekore,Samoe,Koule-Sud,,public,CRS,Oui,,PCI Ebola,
Nzerekore,Nzerekore,Samoe,Mission Catholique Samoe,,public,CRS,Oui,,PCI Ebola,
Nzerekore,Nzerekore,Soulouta,Centre de Santé Soulouta,,public,CRS,Oui,,PCI Ebola,
Nzerekore,Nzerekore,Soulouta,Gbouo,,public,CRS,Oui,,PCI Ebola,
Nzerekore,Nzerekore,Soulouta,Gopouta,,public,CRS,Oui,,PCI Ebola,
Nzerekore,Nzerekore,Soulouta,Kola,,public,CRS,Oui,,PCI Ebola,
Nzerekore,Nzerekore,Soulouta,Kolakpata,,public,CRS,Oui,,PCI Ebola,
Nzerekore,Nzerekore,Soulouta,Komata,,public,CRS,Oui,,PCI Ebola,
Nzerekore,Nzerekore,Soulouta,Kpagalaye,,public,CRS,Oui,,PCI Ebola,
Nzerekore,Nzerekore,Soulouta,Kpoulo,,public,CRS,Oui,,PCI Ebola,
Nzerekore,Nzerekore,Soulouta,Soluta Nord,,public,CRS,Oui,,PCI Ebola,
Nzerekore,Nzerekore,Soulouta,Souhoulé,,public,CRS,Oui,,PCI Ebola,
Nzerekore,Nzerekore,Womey,Bowé-Nord,,public,CRS,Oui,,PCI Ebola,
Nzerekore,Nzerekore,Womey,Centre de Santé Womey,,public,CRS,Oui,,PCI Ebola,
Nzerekore,Nzerekore,Womey,Foozou,,public,CRS,Oui,,PCI Ebola,
Nzerekore,Nzerekore,Womey,Kabieta,,public,CRS,Oui,,PCI Ebola,
Nzerekore,Nzerekore,Womey,Oueleoun,,public,CRS,Oui,,PCI Ebola,
Nzerekore,Nzerekore,Womey,Yomata,,public,CRS,Oui,,PCI Ebola,
Nzerekore,Nzerekore,Yalenzou,Balémou,,public,CRS,Oui,,PCI Ebola,
Nzerekore,Nzerekore,Yalenzou,Bangoueta,,public,CRS,Oui,,PCI Ebola,
Nzerekore,Nzerekore,Yalenzou,Centre de Santé Yalenzou,,public,CRS,Oui,,PCI Ebola,
Nzerekore,Nzerekore,Yalenzou,Gbottoye,,public,CRS,Oui,,PCI Ebola,
Nzerekore,Nzerekore,Yalenzou,Gnalakpalé,,public,CRS,Oui,,PCI Ebola,
Nzerekore,Nzerekore,Yalenzou,Karana,,public,CRS,Oui,,PCI Ebola,
Nzerekore,Nzerekore,Yalenzou,Konian-Aviation,,public,CRS,Oui,,PCI Ebola,
Nzerekore,Nzerekore,Yalenzou,Kotozou,,public,CRS,Oui,,PCI Ebola,
Nzerekore,Nzerekore,Yalenzou,Lomou,,public,CRS,,,,
Nzerekore,Nzerekore,Yalenzou,Loukele,,public,CRS,Oui,,PCI Ebola,
Nzerekore,Nzerekore,Yalenzou,Moata,,public,CRS,Oui,,PCI Ebola,
Nzerekore,Nzerekore,Yalenzou,N'Zao,,public,CRS,Oui,,PCI Ebola,
Nzerekore,Nzerekore,Yalenzou,Toulemou,,public,CRS,Oui,,PCI Ebola,
Nzerekore,Nzerekore,Yalenzou,lamou,,public,CRS,Oui,,PCI Ebola,
Nzerekore,Nzerekore,Soulouta,voumou,,public,CRS,Oui,,PCI Ebola,
Boke,Boke,,Diretion régioale de la santé et les instances qu'elle pilote,,,Expertise France,13 Avril 2015,11,PCI Ebola,
Labe,Labe,,Diretion régioale de la santé et les instances qu'elle pilote,,,Expertise France,27 Avril 2015,11,PCI Ebola,
Mamou,Mamou,,Diretion régioale de la santé et les instances qu'elle pilote,,,Expertise France,11 Mai 2015,11,PCI Ebola,
