Préfecture,Sous-préfecture,Nom de la l’Etablissement,Etablissement privée? (o/n)
#adm2,#adm3,#loc,#status+private
Beyla,Beyla Centre,Centre de Santé Beyla Sobakono,n
Beyla,Beyla Centre,Cité Administrative - Beyla Centre de Santé,n
Beyla,Beyla Centre,CMC Sinko,n
Beyla,Beyla Centre,Dabadou,n
Beyla,Beyla Centre,Diakoro,n
Beyla,Beyla Centre,Hopital Préfectoral Beyla,n
Beyla,Beyla Centre,Poste Tsanti Quartier,n
Beyla,Boola,Boola,n
Beyla,Boola,Yapangaye,n
Beyla,Diarraguéréla,Centre Santé Diarraguéréla,n
Beyla,Diarraguéréla,Doubadou,n
Beyla,Diarraguéréla,Dougbéla,n
Beyla,Diassoudou,Diassodou Centre,n
Beyla,Fouala,Faboridou,n
Beyla,Fouala,Loubakono Fouala,n
Beyla,Gbakedou,Diamodou,n
Beyla,Gbakedou,Fouaro,n
Beyla,Gbakedou,Gbakédou Centre,n
Beyla,Gbakedou,Point Référencé,n
Beyla,Gbessoba,Djiffa Centre,n
Beyla,Gbessoba,Fandou,n
Beyla,Karala,Nafaya,n
Beyla,Koumandou,Poste Santé Koumandougou,n
Beyla,Koumandou,Togobala Centre,n
Beyla,Moussadou,Moussadou,n
Beyla,Nionsomoridou,Nionsanoridou,n
Beyla,Nionsomoridou,Moribadou,n
Beyla,Samana,Samana,n
Beyla,Sinko,Hérémakono Sinko,n
Beyla,Sinko,N'Krumah,n
Beyla,Sokourala,Sakourala Centre,n
Boffa,Boffa Centre,Bolonde,n
Boffa,Boffa Centre,Centre de Santé Boffa Centre,n
Boffa,Boffa Centre,Hopital Préfectoral Boffa,n
Boffa,Boffa Centre,Lakhata,n
Boffa,Boffa Centre,Lonking,n
Boffa,Boffa Centre,,n
Boffa,Douprou,Bilnsadé,n
Boffa,Douprou,Douprou,n
Boffa,Douprou,Koumbaya,n
Boffa,Koba,Kottèya,n
Boffa,Koba,M'Bendia,n
Boffa,Koba,Moussaya,n
Boffa,Koba,Tatéma,n
Boffa,Koba,Tatéma,n
Boffa,Kolia,Colia,n
Boffa,Kolia,Diougouma,n
Boffa,Kolia,N'Dantari Centre,n
Boffa,Lisso,Bondy,n
Boffa,Lisso,Khatia,n
Boffa,Lisso,Lisso Centre,n
Boffa,Lisso,Missira,n
Boffa,Lisso,Wondetty,n
Boffa,Mankountan,Kakala,n
Boffa,Mankountan,Mankountan,n
Boffa,Tamita,Corrérah Centre,n
Boffa,Tamita,Fallandjan,n
Boffa,Tamita,Gbassaya Centre,n
Boffa,Tamita,Tamita,n
Boffa,Tamita,Yènguissa Centre,n
Boffa,Tougnifily,Mamiah Centre,n
Boffa,Tougnifily,Tougnifily,n
Boffa,,CS Isle Kito,n
Boké,Boké Centre,,n
Boké,Bintimodia,Bintimodia (Bintoumodia),n
Boké,Bintimodia,Kankako Centre,n
Boké,Bintimodia,Kataco,n
Boké,Bintimodia,Kolia-Sana Mato,n
Boké,Boké Centre,Boké Correrah (Khorera),n
Boké,Boké Centre,Centre de Santé Boké Centre,n
Boké,Boké Centre,Dibia,n
Boké,Boké Centre,Hopital Préfectoral Koundara,n
Boké,Boké Centre,Hopital Régional Boke,n
Boké,Dabiss,Dabiss,n
Boké,Kamsar,Bocarea,n
Boké,Kamsar,C.B.G,y
Boké,Kamsar,CS Kassopo,n
Boké,Kamsar,Henriette CONTE,y
Boké,Kamsar,Kamakouloun,n
Boké,Kamsar,Kayenguissa,n
Boké,Kamsar,Kouffin,n
Boké,Kamsar,Mohame 6 (Kamsar) Centre de Santé,n
Boké,Kamsar,Neriboundji,n
Boké,Kamsar,O.F.A.B,n
Boké,Kamsar,Taïgbé,n
Boké,Kanfarande,Kadignet,n
Boké,Kanfarande,Kanfarandé,n
Boké,Kanfarande,Kapkin,n
Boké,Kanfarande,Katfoura,n
Boké,Kollaboui,Dabanku,n
Boké,Kollaboui,Kolaboui,n
Boké,Kollaboui,Saténèya,n
Boké,Malapouya,Malapouya,n
Boké,Sangarédi,Balandougou,n
Boké,Sangarédi,Boulléré,n
Boké,Sangarédi,Hôpital Compagnie Bauxite Guinee (CBG),n
Boké,Sangarédi,Pétoun Bowè,n
Boké,Sangarédi,Sangarédi,n
Boké,Sangarédi,Soucka,n
Boké,Sangarédi,Hôpital C B G,y
Boké,Sansale,Sansalé,n
Boké,Tanene,Dambantchian Centre,n
Boké,Tanene,Djiguiti,n
Boké,Tanene,Hamdallaye,n
Boké,Tanene,Katougouma,n
Boké,Tanene,Kimeya,n
Conakry,Dixinn,AGBEF Camayenne,n
Conakry,Dixinn,Cabdent Dr Alpha Oumar BARRY,y
Conakry,Dixinn,Cabdent ElH Malick BARRY,y
Conakry,Dixinn,Cabmed Thérisido,y
Conakry,Dixinn,Cabmed Yasmin Dr Zaitouni Abdou BARRY,y
Conakry,Dixinn,Centre De Santé Dixinn,n
Conakry,Dixinn,Centre De Santé Hafia I,n
Conakry,Dixinn,Centre De Santé Maciré,n
Conakry,Dixinn,Centre Médical du Stade,y
Conakry,Dixinn,Centre National de Transfusion de Sang,n
Conakry,Dixinn,Clinique Ambroise Paré,n
Conakry,Dixinn,Clinique Pasteur,n
Conakry,Dixinn,CMC Minière,n
Conakry,Dixinn,Dispensaire chinois,y
Conakry,Dixinn,Dr Kaba BAH,y
Conakry,Dixinn,FMG; minière,y
Conakry,Dixinn,Gabriel SULTAN,y
Conakry,Dixinn,Hafia minière FMG,n
Conakry,Dixinn,Hôpital National Donka,n
Conakry,Dixinn,Jacqueline SULTAN,y
Conakry,Dixinn,Jacques SULTAN,y
Conakry,Dixinn,Labo Bio St Joseph,y
Conakry,Dixinn,Polyclinique de Dixinn,y
Conakry,Dixinn,Poste De Santé,n
Conakry,Dixinn,Poste De Santé Hafia Ii,n
Conakry,Dixinn,Poste De Santé Hafia Mosquée,n
Conakry,Dixinn,Université Gamal,n
Conakry,Kaloum,Alhassane SOUMAH,y
Conakry,Kaloum,Cab Dr Rachid TOURE,y
Conakry,Kaloum,Cab Dr Yacouba Issiaga TOURE,y
Conakry,Kaloum,Cab médico-social Amba France,y
Conakry,Kaloum,Cabdent de la police,y
Conakry,Kaloum,Cabdent Dr KEITA,y
Conakry,Kaloum,Cabdent Mdou Alpha BAH,y
Conakry,Kaloum,Cabdentaire du marché,y
Conakry,Kaloum,Cabinet Medical Dr Brigith Accar,n
Conakry,Kaloum,Cabmed,y
Conakry,Kaloum,Cabmed Brigitte ACCAR,y
Conakry,Kaloum,Cabmed comprestamed Dr CONDE,y
Conakry,Kaloum,Cabmed Dr Soufane MOHAMED,y
Conakry,Kaloum,Cabmed St Luc,y
Conakry,Kaloum,Centre De Santé De Boom,n
Conakry,Kaloum,Centre De Santé De Boulbinet,n
Conakry,Kaloum,Centre De Santé De Fotoba,n
Conakry,Kaloum,Centre De Santé De Kouléwondy,n
Conakry,Kaloum,Centre De Santé De Room,n
Conakry,Kaloum,Centre de santé Kassa,n
Conakry,Kaloum,Centre de santé mère et enfant de Coronthie,n
Conakry,Kaloum,Centre de santé Port,n
Conakry,Kaloum,Centre médical Amel,y
Conakry,Kaloum,Centre médical NICOLAEV,y
Conakry,Kaloum,Centre Medico Communal Bernard Kouchner,n
Conakry,Kaloum,Clinique Maawah de Sans fil Kaloum,n
Conakry,Kaloum,Clinique Pasteur,y
Conakry,Kaloum,CS Ass Kinésithérapie,y
Conakry,Kaloum,CS Fotoba -Solidarité pour la santé-,y
Conakry,Kaloum,CS Room -Solidarité pour la santé-,y
Conakry,Kaloum,CS Toussaint,y
Conakry,Kaloum,Dispensaire libanais,y
Conakry,Kaloum,Hôpital National Ignace Deen ,n
Conakry,Kaloum,Infirmerie centrale de la police,y
Conakry,Kaloum,Jacques FAWLA,y
Conakry,Kaloum,Jamal THERMOS,y
Conakry,Kaloum,Labo Bio Manquepas,y
Conakry,Kaloum,Labo biomed Dr Yalani TOURE,y
Conakry,Kaloum,Labo Dr Balla DIALLO,y
Conakry,Kaloum,Labo SAB,y
Conakry,Kaloum,Labo Sobiom Dr ElH TOURE,y
Conakry,Kaloum,Mohamed CAMARA,y
Conakry,Kaloum,Neuve,n
Conakry,Kaloum,Polyclinic Fei-Tsoei,n
Conakry,Matam,CabDent Dr DIEING,y
Conakry,Matam,Cabinet De Soins,n
Conakry,Matam,Cabmed Dr Chérif HAIDARA,y
Conakry,Matam,Cabmed Mme DOUMBOUYA,y
Conakry,Matam,Centre De Santé De Matam,n
Conakry,Matam,Centre de santé Madina,n
Conakry,Matam,Clinique Internationale bel'air (Ciba),n
Conakry,Matam,CMC Coléah,n
Conakry,Matam,CMC Matam,n
Conakry,Matam,CS Kalima de Madina,y
Conakry,Matam,FMG Carrière,y
Conakry,Matam,Lai Cui LING,y
Conakry,Matam,PS du HCR,y
Conakry,Matam,SOLABGUI,y
Conakry,Matoto,Cabinet D'Assistance Medico-Sociale,n
Conakry,Matoto,Cabinet Medical Chirurgical Associatif De Kissosso,n
Conakry,Matoto,Cabinet-Medical Carriere,n
Conakry,Matoto,Cabmed Dr Kémo CONDE,y
Conakry,Matoto,cabmed Dr Marie Hélène Koivogui,y
Conakry,Matoto,Centre De Santé,n
Conakry,Matoto,CENTRE DE SANTE BETHEL,n
Conakry,Matoto,Centre de Santé Dabompa,n
Conakry,Matoto,CENTRE DE SANTE DE OISEEN,n
Conakry,Matoto,Centre de Santé Enta Sud,n
Conakry,Matoto,Centre de Santé Matoto Centre,n
Conakry,Matoto,Centre de Santé Tanéné,n
Conakry,Matoto,Centre de Santé Yimbaya Ecole,n
Conakry,Matoto,Centre Médical International,y
Conakry,Matoto,"Centre Medical International/ American Hospital/ American International University, School of Medicine",n
Conakry,Matoto,Centre médical Marc Gentilini,y
Conakry,Matoto,Centre neuro-médical ONG BIVEP,y
Conakry,Matoto,Centre Recherche Fodé S,n
Conakry,Matoto,Ciba,n
Conakry,Matoto,Clinique AMSO,y
Conakry,Matoto,Clinique de Gbessia,y
Conakry,Matoto,Clinique Medical de Gbessia,n
Conakry,Matoto,Clinique Médicale De Gbéssia - Centre Médical Internationale,n
Conakry,Matoto,Clinique Neurologique,n
Conakry,Matoto,Clinique Privé,n
Conakry,Matoto,CS Ass Kissosso,y
Conakry,Matoto,CS Bethel,y
Conakry,Matoto,"CS urbains et privés,  confessionnels",n
Conakry,Matoto,Dar-Es-Salam - 1,n
Conakry,Matoto,Dispensaire Saint Gabriel,n
Conakry,Matoto,Dr. Ibrahima Sory Cissoko,n
Conakry,Matoto,Gbessia Port,n
Conakry,Matoto,HOPITAL AISSA,n
Conakry,Matoto,Jamal Thermos,n
Conakry,Matoto,Mercy Ships - New Steps Centre,n
Conakry,Matoto,Mission Alfa,n
Conakry,Matoto,Mission Alpha,y
Conakry,Matoto,Mission Alpha; Tanènè,y
Conakry,Matoto,ONG médical AFAD,y
Conakry,Matoto,Ophtalmo Hadiatou SYLLA,y
Conakry,Matoto,Saint Gabriel,y
Conakry,Matoto,Santé Forces Armées Camp Alpha Yaya,n
Conakry,Matoto,SOLABGUI,y
Conakry,Matoto,Tombolia ,n
Conakry,Ratoma,AGVS Koloma 2,y
Conakry,Ratoma,AGVS Wanindara,y
Conakry,Ratoma,AMID,y
Conakry,Ratoma,Amso ophtalmologique  ,y
Conakry,Ratoma,Anastasis Wanindara,y
Conakry,Ratoma,Assemblée de Dieu,y
Conakry,Ratoma,Cabinet  Kadiatou,y
Conakry,Ratoma,Cabinet Coréen; Bambéto,y
Conakry,Ratoma,Cabinet Duranteau,n
Conakry,Ratoma,CABINET MEDICAL DR KEMO CONDE,n
Conakry,Ratoma,CabInf Kadiatou,y
Conakry,Ratoma,CabInf Mme KOLIE Mamy Nioké,y
Conakry,Ratoma,Cabmed Ballal Koin,y
Conakry,Ratoma,Cabmed Dr BAH,y
Conakry,Ratoma,Cabmed Dr Sékou DONZO,y
Conakry,Ratoma,Cabmed Matoto Dr Bademba,y
Conakry,Ratoma,Cabmed Mermoz,y
Conakry,Ratoma,Cabmed Soutoura,y
Conakry,Ratoma,CARAD Bambéto,y
Conakry,Ratoma,Centre De Santé Belle-Vue Coloyah,n
Conakry,Ratoma,Centre De Santé Kaporo,n
Conakry,Ratoma,Centre De Santé Kipe,n
Conakry,Ratoma,Centre de Santé Kobaya,n
Conakry,Ratoma,Centre de Santé Koloma,n
Conakry,Ratoma,Centre de Sante la Grace,n
Conakry,Ratoma,Centre de Santé Lambanyi,n
Conakry,Ratoma,Centre De Santé Nongo,n
Conakry,Ratoma,Centre De Santé Simbaya,n
Conakry,Ratoma,Centre de Santé Simbaya Gare,n
Conakry,Ratoma,Centre De Santé Soloprimo,n
Conakry,Ratoma,Centre de Santé Sonfonia,n
Conakry,Ratoma,Centre De Santé Tamouta,n
Conakry,Ratoma,Centre de Santé Wanindara,n
Conakry,Ratoma,Centre De Santé Yembeyia,n
Conakry,Ratoma,Centre Med les Chérubins,y
Conakry,Ratoma,Centre médical Dr LY,y
Conakry,Ratoma,Centre médical Jean Fritz Foster AAMG,y
Conakry,Ratoma,Centre médical Mdou Saliou DIALLO,y
Conakry,Ratoma,Centre médical ONG AGUIDIE,y
Conakry,Ratoma,CIMED,n
Conakry,Ratoma,CLINICAL LAB MED,n
Conakry,Ratoma,Clinique Hamdallaye,y
Conakry,Ratoma,Clinique Les 7,y
Conakry,Ratoma,Clinique Mère et Enfant,n
Conakry,Ratoma,Clinique Mère Et Enfants,n
Conakry,Ratoma,Clinique ophtalmologique Batimée-Anastasis-,y
Conakry,Ratoma,CMC Flamboyant,n
Conakry,Ratoma,CMC Ratoma,n
Conakry,Ratoma,Cmed Balkan,y
Conakry,Ratoma,Cmed Dr Chérif ,y
Conakry,Ratoma,CS Anastasis Nongo,y
Conakry,Ratoma,CS Assemblée de Dieu,y
Conakry,Ratoma,CS Associatif Benay Fotoba,y
Conakry,Ratoma,CS Associatif Ste Thérèse,y
Conakry,Ratoma,CS Emmanuel,y
Conakry,Ratoma,CS Jean Oury,y
Conakry,Ratoma,CS La compassion,y
Conakry,Ratoma,CS Yataya,y
Conakry,Ratoma,Dispensaire Al Amal,y
Conakry,Ratoma,Dispensaire CBG,y
Conakry,Ratoma,Dispensaire CBK Simbaya,y
Conakry,Ratoma,Dispensaire Le bon Samaritain; Option universelle,y
Conakry,Ratoma,Dispensaire Maternité,n
Conakry,Ratoma,Dr. Alpha Amadou Bah,n
Conakry,Ratoma,Dr. Walburga Duranteau,n
Conakry,Ratoma,Faoama,n
Conakry,Ratoma,Hôpital de l'Amitié Sino-Guinéenne,n
Conakry,Ratoma,Hospital Jean Paul II,n
Conakry,Ratoma,Hôtel Mariador,n
Conakry,Ratoma,Jean Paul 2,y
Conakry,Ratoma,Kalima 2 Kobaya,y
Conakry,Ratoma,Pharmacie Hamdallaye ,y
Conakry,Ratoma,Pharmacie LePrince Fadiga,y
Conakry,Ratoma,Point B,y
Conakry,Ratoma,Polyclinique Maison,n
Conakry,Ratoma,Polyclinique Mamouna de Ratoma,y
Conakry,Ratoma,Poste De Santé,n
Conakry,Ratoma,Poste De Santé,n
Conakry,Ratoma,Poste De Santé Chinois,n
Conakry,Ratoma,Sandia Snoeren,n
Conakry,Ratoma,Sandia Snoeren,y
Conakry,Ratoma,Santé Arc-En-Ciel,n
Conakry,Ratoma,Santé Arc-En-Ciel,y
Conakry,Ratoma,SESIR,y
Conakry,Ratoma,Sino Guineen,n
Conakry,Ratoma,SOLABGUI,y
Conakry,Ratoma,Université Sonfonia,n
Conakry,,toute les communes,n
Coyah,Coyah Centre,Centre de Santé Coyah Centre,n
Coyah,Coyah Centre,Centre de Santé Doumbouyah,n
Coyah,Coyah Centre,Hopital Préfectoral Coyah,n
Coyah,Coyah Centre,Kolia - Poste de Santé,n
Coyah,Coyah Centre,Poste de santé Somayah,n
Coyah,Kouriah,Poste de sante Kolakhoure,n
Coyah,Kouriah,Poste de Santé Kouriah,n
Coyah,Kouriah,Poste de sante Moriakhory,n
Coyah,Kouriah,Taadi,n
Coyah,Manéah,Centre de Santé Manéah,n
Coyah,Manéah,Cité,n
Coyah,Manéah,Poste de santé Bentouraya,n
Coyah,Manéah,Poste de sante Kassonya,n
Coyah,Manéah,Poste de santé Km 36,n
Coyah,Manéah,Sanoyah,n
Coyah,Manéah,Sanoyah,n
Coyah,Manéah,Sanoyah,n
Coyah,Wonkifong, Poste de santé Petty-Centre,n
Coyah,Wonkifong,Centre de Santé Wonkifong,n
Coyah,Wonkifong,Poste de santé Deneya,n
Coyah,Wonkifong,Poste de santé Kendoumaya,n
Coyah,Wonkifong,Poste de santé Kiriya,n
Coyah,Wonkifong,Poste de santé Kounsouta,n
Coyah,Wonkifong,Poste de santé Kouyéya,n
Coyah,Wonkifong,Poste de santé Mangata,n
Coyah,Wonkifong,Poste de santé Tambayah,n
Coyah,Wonkifong,Poste de santé Toguiron,n
Coyah,Wonkifong,Yénguiakhöry,n
Dabola,Arfamoussaya,`,n
Dabola,Arfamoussaya,Dounkito,n
Dabola,Arfamoussaya,Gnalen,n
Dabola,Banko,Banko,n
Dabola,Banko,Banko,n
Dabola,Bissikrima,Mango e.V. OP-Zentrum,n
Dabola,Bissikrima,Bissikrima Centre de Santé,n
Dabola,Dabola-Centre,Dabola,n
Dabola,Dabola-Centre,Dabola-Centre,n
Dabola,Dabola-Centre,Hôpital Préfectoral Dabola,n
Dabola,Dabola-Centre,Kalela ,n
Dabola,Dogomet,Arfamoussaya Centre,n
Dabola,Dogomet,Dabola-Bérété,n
Dabola,Dogomet,Dogomet,n
Dabola,Kankama,Kignero,n
Dabola,Kindoye,Kindoye,n
Dabola,N'dema,Camp Des Réfugiés (Poste De Santé),n
Dabola,N'dema,Konso,n
Dabola,,CS Urbain et Ruraux,n
Dalaba,Bodie,Bodié,n
Dalaba,Bodie,Centre Sante,n
Dalaba,Bodie,Manta,n
Dalaba,Bodie,M'Bouro,n
Dalaba,Dalaba-Centre,Dar-Es Salam,n
Dalaba,Dalaba-Centre,Hopital Prefectoral Dalaba,n
Dalaba,Ditinn,Centre de Santé Ditinn,n
Dalaba,Gongore,Yirgo Boussara,n
Dalaba,Kaala,Centre de Sante Kaala,n
Dalaba,Kankalabé,Kankalabé,n
Dalaba,Kebaly,Kébaly,n
Dalaba,Kebaly,N'Diouriah,n
Dalaba,Koba,Hamdallaye Centre,n
Dalaba,Mafara,Dondè,n
Dalaba,Mafara,Kourou Sériyabhè,n
Dalaba,Mafara,Mafara,n
Dalaba,Mitty,Km 82,n
Dalaba,Monbeya,Gally,n
Dalaba,Monbeya,Mombèya,n
Dinguiraye,Banora,Hatayauia Centre,n
Dinguiraye,Banora,Ranhaya Centre,n
Dinguiraye,Diatifere,Soubekindi,n
Dinguiraye,Diatifere,Diatifèrè Centre,n
Dinguiraye,Dinguiraye-Centre,Bilkity,n
Dinguiraye,Dinguiraye-Centre,Dinguiraye-Centre,n
Dinguiraye,Dinguiraye-Centre,Hopital Préfectoral Dinguiraye,n
Dinguiraye,Dinguiraye-Centre,Secteur 5 Villa Sylli,n
Dinguiraye,Dinguiraye-Centre,,n
Dinguiraye,Gagnakaly,Gognakaly,n
Dinguiraye,Kalinko,Niogo Centre,n
Dinguiraye,Lansanaya,Lansanaya-Centre,n
Dinguiraye,Selouma,Sélouma-Centre,n
Dubréka,Badi,Poste de santé Tonton,n
Dubréka,Badi,Centre de Santé Bady,n
Dubréka,Badi,Poste de santéMaléah,n
Dubréka,Dubréka Centre,Centre de Santé Dubréka Cantre,n
Dubréka,Dubréka Centre,Centre de Santé Dubréka Dogbéré,n
Dubréka,Dubréka Centre,Hôpital Préfectoral Dubreka Centre,n
Dubréka,Dubréka Centre,Kènèndé Hôpital,n
Dubréka,Dubréka Centre,Poste de santé Béréiré,n
Dubréka,Dubréka Centre,Poste de santé Madina,n
Dubréka,Dubréka Centre,Poste de santé Négueyah,n
Dubréka,Dubréka Centre,Poste de santé Töbolon,n
Dubréka,Dubréka Centre,Poste Santé Baïlo-Bayah,n
Dubréka,Falessade,Centre de Santé Faléssadé Centre,n
Dubréka,Falessade,Poste de santé Ninguéty,n
Dubréka,Khorira,Centre de Santé Khorira,n
Dubréka,Khorira,Poste de santé Gbantama,n
Dubréka,Khorira,Poste de santé Yorokoguéah,n
Dubréka,Ouassou,Centre de Santé Wassou (Ouassou),n
Dubréka,Ouassou,Poste de santé Khountoun,n
Dubréka,Ouassou,Poste de santé Koubia,n
Dubréka,Ouassou,Poste de santé Tafory Soso,n
Dubréka,Ouassou,Poste de santé Yafraya,n
Dubréka,Tanene,Centre de Santé Samayah,n
Dubréka,Tanene,Centre de Santé Tanènè,n
Dubréka,Tanene,Poste de santé Kenendelory,n
Dubréka,Tanene,Poste de santé Kondéya,n
Dubréka,Tanene,Poste de santé Konfonya,n
Dubréka,Tondon,Centre de Santé Tondon,n
Dubréka,Tondon,Poste de santé Kahel,n
Dubréka,Tondon,Poste de santé Simbarayah,n
Faranah,Banian,Ballaya,n
Faranah,Banian,Banian,n
Faranah,Banian,Kouratou,n
Faranah,Banian,Nianfourando 2,n
Faranah,Beindou,Beindou,n
Faranah,Beindou,Sèrèkoro-Centre,n
Faranah,Faranah-Centre,Hôpital Mimé,n
Faranah,Faranah-Centre,Hopital Préfectoral Kissidougo,n
Faranah,Faranah-Centre,Hopital Régional Faranah,n
Faranah,Gnaleah,Nialia (Nialeaya) Centre de Santé,n
Faranah,Hérémakonon,Dantilia,n
Faranah,Hérémakonon,Hérémakonon,n
Faranah,Herémakonon,Souleymania Centre,n
Faranah,Kobikoro,Frankouma,n
Faranah,Kobikoro,Kobikoro Centre de Santé,n
Faranah,Marela,Kalia-Centre,n
Faranah,Marela,Marella 1 Centre de Santé,n
Faranah,Marela,Sabere-Kalia,n
Faranah,Marela,Soloya Non Fonctionnel,n
Faranah,Marela,Taganya-Centre,n
Faranah,Passaya,Bèleya,n
Faranah,Passaya,Morigbéya,n
Faranah,Passaya,Niénouya Centre,n
Faranah,Passaya,Passaya Centre de Santé,n
Faranah,Passaya,Sansanko,n
Faranah,Sandenia,Maternité Nyaya,n
Faranah,Sandenia,Sandenia Centre de Santé,n
Faranah,Songoyah,Forage (Songoyah) Centre de Santé,n
Faranah,Tiro,Tiro Centre de Santé,n
Faranah,,,n
Forecariah,Allassoyah,Centre de Santé Alassoya,n
Forecariah,Benty,Centre de Santé Benty,n
Forecariah,Benty,Dakhagbé,n
Forecariah,Benty,Kakoutoulaye,n
Forecariah,Benty,Kigbaly,n
Forecariah,Benty,Morkania,n
Forecariah,Farmoriah,Centre de Santé Farmoréah,n
Forecariah,Farmoriah,Moola,n
Forecariah,Forecariah Centre,Centre de Santé Forecariah,n
Forecariah,Forecariah Centre,,n
Forecariah,Forécariah Centre,Hôpital Préfectoral Forécariah Centre,n
Forecariah,Forecariah-Centre,Tatagui,n
Forecariah,Kaback,Centre de Santé Kaback,n
Forecariah,Kaback,Manké,n
Forecariah,Kaback,Matakan,n
Forecariah,Kaback,Yétiya,n
Forecariah,Kakossa,Centre de Santé Kakossa,n
Forecariah,Kakossa,Koba,n
Forecariah,Kakossa,Manéah,n
Forecariah,Kakossa,Yéniah Centre,n
Forecariah,Kaliah,Centre de Santé Kaliah Centre (Kalea),n
Forecariah,Kaliah,Kondeyiré,n
Forecariah,Kaliah,Tanah,n
Forecariah,Kallia,Bérika,n
Forecariah,Kallia,Le Proviseur,n
Forecariah,Maferinyah,Béréiré,n
Forecariah,Maferinyah,Centre de Santé Maferinya,n
Forecariah,Maferinyah,Fandié,n
Forecariah,Maferinyah,Fodéya,n
Forecariah,Maferinyah,Koket,n
Forecariah,Maferinyah,Maleah,n
Forecariah,Moussayah,Centre de Santé Moussayah,n
Forecariah,Moussayah,Kamalayah,n
Forecariah,Moussayah,Layah,n
Forecariah,Sikhourou,Centre de Santé Sikhourou,n
Forecariah,Sikhourou,Daffira,n
Fria,Baguinet,Baguinet Centre de Santé,n
Fria,Baguinet,Fandjéta,n
Fria,Baguinet,Madina,n
Fria,Baguinet,Nari,n
Fria,Banguigny,Sodiorè,n
Fria,Banguigny,Toulel,n
Fria,Fria Centre,Aviation (N_F),n
Fria,Fria Centre,CS Sabèndè,n
Fria,Fria Centre,Fatala (N.F),n
Fria,Fria Centre,Hôpital Péchiney,n
Fria,Fria Centre,Hopital préfectoral  Fria,n
Fria,Fria Centre,Tabossy,n
Fria,Fria Centre,Tigué,n
Fria,Tormelin,Balandougou,n
Fria,Tormelin,Tormelin,n
Fria,Tormelin,Yékherakhidé,n
Gaoual,Foulamory,Poste Santé Foulamory,n
Gaoual,Foulamory,Poste Santé Kithiar,n
Gaoual,Gaoual Centre,Centre de Santé Gaoual,n
Gaoual,Gaoual Centre,Hôpital Préfectoral Gaoual,n
Gaoual,Kakony,Karmafassa,n
Gaoual,Kakony,Poste Santé Kakony,n
Gaoual,Kakony,Sinthiou-Wara,n
Gaoual,Koumbia,Dombiadji,n
Gaoual,Koumbia,Pety,n
Gaoual,Koumbia,Poste Santé Koumbia,n
Gaoual,Kounsitel,Boki,n
Gaoual,Kounsitel,Boukouna,n
Gaoual,Kounsitel,Poste Santé Kounsitel,n
Gaoual,Malanta,Menienkouré,n
Gaoual,Malanta,Poste Santé Malanta,n
Gaoual,Touba,Poste Santé Touba,n
Gaoual,Wendou M'Bour,Horé-Bendia,n
Gaoual,Wendou M'bour (Deliganjan),Maouba,n
Gaoual,"Wendou M'bour (Deliganjan, Sangaréyah)",Barkèrè,n
Gaoual,Wendou M'bour Centre,Poste Santé Wendou M'Bour,n
Gueckedou,Bélodou,Centre de Santé Bolodou,n
Gueckedou,Bolodou,Beddou,n
Gueckedou,Bolondou,Soumtou,n
Gueckedou,Fangamadou,Bassédou,n
Gueckedou,Fangamadou,Centre de Santé Fangamadou,n
Gueckedou,Fangamadou,Kiesseneye,n
Gueckedou,Fangamadou,Kolomba Fara,n
Gueckedou,Fangamadou,Sowadou,n
Gueckedou,Guéckdou Centre,Centre de Santé Gueckdou Madina,n
Gueckedou,Guéckdou Centre,Centre de Santé Gueckdou Sokoro,n
Gueckedou,Guéckdou Centre,Centre de Santé Gueckédou Lélé,n
Gueckedou,Guéckdou Centre,Centre de Santé Mangalla,n
Gueckedou,Guéckdou Centre,Poste de Santé Nongolo,n
Gueckedou,Gueckedou Centre,Centre Medical Communal Gueckedou MSF,n
Gueckedou,Gueckedou Centre,Guinee Forestiere,n
Gueckedou,Gueckedou Centre,Hopital Préfectoral Gueckedou,n
Gueckedou,Guendembo,Centre de Santé Guedembou,n
Gueckedou,Guendembo,Poste de Santé Badalla,n
Gueckedou,Guendembo,Poste de Santé Boukoussou,n
Gueckedou,Guendembo,Poste de Santé Guelo,n
Gueckedou,Guendembou,Poste de Santé Dandou Bendo,n
Gueckedou,Kassadou,Sianfran,n
Gueckedou,Kassadou,Yomadou 2,n
Gueckedou,Koundou,Centre de Santé Koundou,n
Gueckedou,Koundou,Communautaire,n
Gueckedou,Koundou,Sanguédou,n
Gueckedou,Nongoa,Beindou,n
Gueckedou,Nongoa,Centre de Santé Nongoa,n
Gueckedou,Nongoa,Kolignindo,n
Gueckedou,Nongoa,Ouladin,n
Gueckedou,Nongoa,Zatioula (Communautaire),n
Gueckedou,Ouende Kenema,Centre de Santé Ouende Kènèma,n
Gueckedou,Ouende Kenema,Denguédou,n
Gueckedou,Ouende Kenema,Koundou Toh,n
Gueckedou,Ouende Kenema,Ngouahou,n
Gueckedou,Ouende Kenema,Owet Djiba,n
Gueckedou,Ouende Kenema,Woundédou,n
Gueckedou,Ouénde-Kènèma,CMC Ouénde-Kènèma,n
Gueckedou,Tekoulo,Centre de Santé Tékoulo,n
Gueckedou,Tekoulo,Meliandou,n
Gueckedou,Tekoulo,Owet Lela,n
Gueckedou,Tekoulo,Poste de Santé Bawa,n
Gueckedou,Tekoulo,Poste de Santé Kondembadou,n
Gueckedou,Tekoulo,Poste de Santé Owet Kama,n
Gueckedou,Tekoulo,Poste de Santé Wassaya,n
Gueckedou,Tekoulo,Sassama Kama,n
Gueckedou,Temessadou,Bagbè Daye,n
Gueckedou,Temessadou,Centre de Santé Kassadou,n
Gueckedou,Temessadou,Centre de Santé Tèmessadou,n
Gueckedou,Temessadou,Kouakörö,n
Gueckedou,Temessadou,Mongo,n
Gueckedou,Temessadou,Oulako,n
Gueckedou,Temessadou,Yomadou Koundoufama,n
Kankan,Balandou,Dyansoumana,n
Kankan,Balandou,Koba,n
Kankan,Bate Nafadji,Nafadji,n
Kankan,Bate-Nafadji,Bate-Nafadji Centre de Santé,n
Kankan,Bate-Nafadji,Djelibakoro,n
Kankan,Bate-Nafadji,Fedekariah,n
Kankan,Bate-Nafadji,Gbenso,n
Kankan,Bate-Nafadji,Moussaya,n
Kankan,Bate-Nafadji,Soïla,n
Kankan,Boula,Boula Centre de Santé,n
Kankan,Boula,Kalafilila,n
Kankan,Boula,Kodiana,n
Kankan,Boula,Kossa,n
Kankan,Boula,Maledou,n
Kankan,Boula,Manianko,n
Kankan,Gberedou-Baranama,Gberedou-Baranama Centre de Santé,n
Kankan,Kankan Centre,Balandou Centre de Santé,n
Kankan,Kankan Centre,Centre de Santé Kankan-koura,n
Kankan,Kankan Centre,Hèrèmakonon,n
Kankan,Kankan Centre,Hopital Regional Kankan,n
Kankan,Kankan Centre,Kabada (Kankan-kabada) Centre de Santé,n
Kankan,Kankan Centre,Kalima,y
Kankan,Kankan Centre,Missira (Kankan-missira) Centre de Santé,n
Kankan,Kankan Centre,Salamani (Kankan-Salamani) Centre de Santé,n
Kankan,Karfamoriah,Diankana,n
Kankan,Karfamoriah,Foussen,n
Kankan,Karfamoriah,Soumankoi,n
Kankan,Koumban,Koumban 2 Centre de Santé,n
Kankan,Koumban,Maramorea,n
Kankan,Mamouroudou,Fankono,n
Kankan,Mamouroudou,Mamouroudou Centre de Santé,n
Kankan,Mamouroudou,Morigbeya,n
Kankan,Missamana,Djimbala,n
Kankan,Missamana,Kiniéba,n
Kankan,Missamana,Missamana Centre de Santé,n
Kankan,Moribaya,Moribaya 2 Centre de Santé,n
Kankan,Sabadou Baranama,Diamona,n
Kankan,Sabadou Baranama,Kalankalan,n
Kankan,Sabadou-Baranama,Sabadou-Baranama Centre de Santé,n
Kankan,Tintioulen,Ourembaya,n
Kankan,Tinti-Oulen,Tintinoulen Centre de Santé,n
Kankan,Tokounou,Maniceliya,n
Kankan,Tokounou,Tokounou Centre de Santé,n
Kerouane,Banankoro,Secteur 2 - Banankoro Centre de Santé,n
Kerouane,Banankoro,Soumassaniah,n
Kerouane,Banankoro,Worokoro,n
Kerouane,Damaro,Borne Fontaine Assaballadou,n
Kerouane,Damaro,Damaro Centre de Santé,n
Kerouane,Damaro,Mama Camara,n
Kerouane,Kerouane Centre,Kerouane Centre de Santé,n
Kerouane,Kérouané-Centre,Hopital Préfectoral Kerouane,n
Kerouane,Komodou,Komodou Centre de Santé,n
Kerouane,Konsankoro,Kounsankoro Centre de Santé,n
Kerouane,Kounsankoro,Boula Centre de Santé,n
Kerouane,Kounsankoro,Face Côté Route,n
Kerouane,Kounsankoro,Sogoloou,n
Kerouane,Linko,Linko Centre de Santé,n
Kerouane,Linko,Point D'Eau Kignegbena,n
Kerouane,Sibiribaro,Almamiya,n
Kerouane,Sibiribaro,Bambadou 2,n
Kerouane,Sibiribaro,Sibiribaro Centre de Santé,n
Kerouane,Soromaya,CMC Kondéya,n
Kerouane,Soromaya,Maka-Férédou,n
Kerouane,Soromaya,Sirkouldou,n
Kerouane,Soromaya,Soromaya Centre de Santé,n
Kindia,Bangouya,Centre de Santé Bangouya,n
Kindia,Bangouya,Khattia,n
Kindia,Bangouya,Madina- Fanta,n
Kindia,Bangouya,Yattaya,n
Kindia,Friguiagbe,Barrage Kalé Cité,n
Kindia,Friguiagbe,Poste de Santé Foulaya,n
Kindia,Friguiagbé,Barrage Kalé Cité,y
Kindia,Friguiagbé,Friguiagbé,n
Kindia,Friguiagbè,CS Moriady (Sabouyah),n
Kindia,Kindia Centre,Bambaya Centre,n
Kindia,Kindia Centre,Bokaria Centre,n
Kindia,Kindia Centre,Centre de Santé Cacia (Kindia-kassia ?),n
Kindia,Kindia Centre,Centre de Santé Kindia-Bibané,n
Kindia,Kindia Centre,Centre de Santé Kindia-Manquepas,n
Kindia,Kindia Centre,Centre de Santé Kindia-Wondima,n
Kindia,Kindia Centre,Centre PMI,n
Kindia,Kindia Centre,Dadiya,n
Kindia,Kindia Centre,Dianfou,n
Kindia,Kindia Centre,Gangan,n
Kindia,Kindia Centre,Hopital Prefectoral Kindia,n
Kindia,Kindia Centre,Hôpital Régional Kindia Centre,n
Kindia,Kindia Centre,Kilissi,n
Kindia,Kindia Centre,Sangoya,n
Kindia,Kindia Centre,Seracco,n
Kindia,Kindia Centre,Tanènè,n
Kindia,Kindia-Centre,Hôpital Regional Alpha Oumar Diallo,n
Kindia,Kindia-Centre,Léfouré,n
Kindia,Kolente,Missidé Centre,n
Kindia,Kolente,Walia,n
Kindia,Kolenté,Centre de Santé Kolenté,n
Kindia,Kolente/Samaya,Kondoya,n
Kindia,Madina Oula,Almamiya,n
Kindia,Madina Oula,Centre de Santé Madina Oula,n
Kindia,Madina Oula,Dar -ES - Salam,n
Kindia,Madina-Woula,Madina Woula border checkpoint,n
Kindia,Mambia,Centre de Santé Mambia,n
Kindia,Mambia,Fossikhouré,n
Kindia,Mambia,Gbinkily,n
Kindia,Mambia,Hariana Silingbin,n
Kindia,Molota,Centre de Santé Molota,n
Kindia,Samaya,Centre de Santé Samaya,n
Kindia,Samaya,Kaporo,n
Kindia,Souguéta,Centre de Santé Damakania Centre,n
Kindia,Souguéta,Centre de Santé Souguéta,n
Kindia,Souguéta,Hôtel Mariador,y
Kindia,Souguéta,Khatia,n
Kindia,Souguéta,Kouyeya,n
Kissidougou,Albadaria,Yassardou,n
Kissidougou,Albadaria,Yomadou,n
Kissidougou,Albadariah,Centre de Santé Albadaria,n
Kissidougou,Albadariah,Farawoya,n
Kissidougou,Banama,Centre de Santé Banama,n
Kissidougou,Banama,Telebadou,n
Kissidougou,Bardou,Centre de Santé Bardou 1,n
Kissidougou,Bardou,Gbangbadou Centre de Santé,n
Kissidougou,Bardou,Kondian,n
Kissidougou,Bardou,Wondekèrè,n
Kissidougou,Beindou,Centre de Santé Beindou,n
Kissidougou,Beindou,Fermessadouba,n
Kissidougou,Beindou,Gbangadou,n
Kissidougou,Beindou,Gbangbadou Ouéndé,n
Kissidougou,Beindou,Gnamandou,n
Kissidougou,Beindou,Kaoro,n
Kissidougou,Beindou,Komora,n
Kissidougou,Beindou,Léla,n
Kissidougou,Beindou,Maternité Dondian,n
Kissidougou,Beindou,Polodou,n
Kissidougou,Fermesadou-Pombo,Fermessadou-Pombo,n
Kissidougou,Fermesadou-Pombo,Korédou,n
Kissidougou,Fermesadou-Pombo,Massakondou,n
Kissidougou,Fermesadou-Pombo,Trakore,n
Kissidougou,Firawa,Centre de Santé Firawa,n
Kissidougou,Firawa,Dandou,n
Kissidougou,Firawa,Dondian,n
Kissidougou,Gbangbadou,Banga,n
Kissidougou,Gbangbadou,Botobofel (Forest ?),n
Kissidougou,Gbangbadou,Kènèma-Bomba,n
Kissidougou,Gbangbadou,Kissi-Yalankoro,n
Kissidougou,Gbangbadou,Saabou,n
Kissidougou,Kissidougou Centre,Centre de Santé Kissi-Dar-Es-Salam,n
Kissidougou,Kissidougou Centre,Centre de Santé Kissi-Madina,n
Kissidougou,Kissidougou Centre,Clinique AGBEF,n
Kissidougou,Kissidougou Centre,Kissi-Hermakono Centre de Santé,n
Kissidougou,Kissidougou Centre,Urgence Health and medical,n
Kissidougou,Kissidougou-Centre,Hôpital de Kissidougou,n
Kissidougou,Kondiadou,Koulia,n
Kissidougou,Kondiadou,Soulakolo,n
Kissidougou,Koundiado,Yardo,n
Kissidougou,Manfran,Centre de Santé Dramela,n
Kissidougou,Manfran,Konardo,n
Kissidougou,Manfran,Manfran Centre de Santé,n
Kissidougou,Sangardo,Bergué Centre,n
Kissidougou,Sangardo,Carrefour,n
Kissidougou,Sangardo,Carrefour,n
Kissidougou,Sangardo,Doumou,n
Kissidougou,Sangardo,N'Zebela,n
Kissidougou,Sangardo,Sangardo 2 Centre de Santé,n
Kissidougou,Yende Millimou,Firadou,n
Kissidougou,Yende Millimou,Gbaran,n
Kissidougou,Yende Millimou,Yende-Millimou Centre de Santé,n
Kissidougou,Yendé-Millimou,Bamba,n
Kissidougou,Yendé-Millimou,Karadou,n
Kissidougou,Yendé-Millimou,Wondetoh,n
Kissidougou,Yombiro,Farawandou (Yombiro) Centre de Santé,n
Kissidougou,Yombiro,Sonifanyo,n
Kissidougou,Youmbiro,Sangolomè,n
Koubia,Fafaya,Bouroura,n
Koubia,Fafaya,Dede Horè Sitty,n
Koubia,Fafaya,Fafaya Centre de Santé,n
Koubia,Fafaya,Nheloye,n
Koubia,Fafaya,Simiby,n
Koubia,Gadha-Woundou,Gadha Woundou Centre de Santé,n
Koubia,Koubia Centre,Bassara,n
Koubia,Koubia Centre,"Centre de Santé Koubia Centre, Souloundè",n
Koubia,Koubia Centre,Hérico,n
Koubia,Koubia Centre,Hôpital Préfectoral Koubia Centre,n
Koubia,Koubia Centre,Koubia,n
Koubia,Koubia Centre,Moromi,n
Koubia,Matakaou,Centre de Santé Matakaou,n
Koubia,Missira,Koundiéa,n
Koubia,Pilimini,Dara-Pelli,n
Koubia,Pilimini,Niakaye,n
Koubia,Pilimini,Pilimini Centre de Santé,n
Koundara,Guingan,Guingan,n
Koundara,Guingan,Kiffaya,n
Koundara,Kamaby,Kamaby 2,n
Koundara,Kamaby,Sinthian-Pathé,n
Koundara,Koundara Centre,Mangaba,n
Koundara,Koundara-Centre,Centre Hospitalier,n
Koundara,Koundara-Centre,Mosquée (Koundara) Centre de Santé,n
Koundara,Sambailo,Missirah,n
Koundara,Sambailo,Sambaldé,n
Koundara,Saréboido,Saréboïdo Centre de Santé,n
Koundara,Termesse,Termessè,n
Koundara,Youkounkoun,Youkounkoun,n
Kouroussa,Babila,Babila 2 Centre de Santé,n
Kouroussa,Balato,Centre de Santé Balato-Centre,n
Kouroussa,Banfele,Centre de Santé Wassaya/Banfele,n
Kouroussa,Banfele,Dr. Mamady Diarre,n
Kouroussa,Banfélé,Oroko,n
Kouroussa,Baro,Baro 1 Centre de Santé,n
Kouroussa,Cissela,Cissela Centre,n
Kouroussa,Douako,Centre de Santé Flowaro-Douako,n
Kouroussa,Douako,Karako,n
Kouroussa,Doura,Doura Centre de Santé,n
Kouroussa,Doura,Yakouda-Centre,n
Kouroussa,Kiniéro,Ballan,n
Kouroussa,Koumana,Centre de Santé Koumana 1,n
Kouroussa,Kouroussa Ctre,Centre de Santé Kouroussa,n
Kouroussa,Kouroussa-Centre,Hopital Préfectoral Kouroussa,n
Kouroussa,Sanguiana,Sanguiana Centre de Santé,n
Kouroussa,,,n
Labé,Dalein,Dalein Centre de Santé,n
Labé,Dalein,Ndantawi,n
Labé,Dalein,Sarékaly,n
Labé,Daralabe,"Cantre de Santé Dara-Labe, Kassagui",n
Labé,Daralabe,Darakehioun,n
Labé,Daralabe,Daralabé Centre de Santé,n
Labé,Daralabe,Kokoulo,n
Labé,Diari,Diari Centre de Santé,n
Labé,Diari,Donta,n
Labé,Diari,k. Maoudé,n
Labé,Diari,k.Tokossèrè,n
Labé,Dionfo,Dionfo Centre de Santé,n
Labé,Dionfo,Sengouma,n
Labé,Dionfo,Tarambaly,n
Labé,Garambe,Garambé Centre de Santé,n
Labé,Garambe,Labé Dheppèrè,n
Labé,Garambe,Ndounsy,n
Labé,Hafia,Afia,n
Labé,Hafia,Bagnan,n
Labé,Hafia,Hansaghèrè ((en chantier)),n
Labé,Hafia,Sempeten,n
Labé,Kaalan,Kalan Centre de Santé,n
Labé,Kaalan,Missidé -Tiga,n
Labé,Kaalan,Tounory,n
Labé,Kouramangui,Kouramangui Cité Centre de Santé,n
Labé,Labe Centre,Centre de Santé Bowounloko,n
Labé,Labe Centre,Centre de Santé Daka,n
Labé,Labe Centre,Centre de Santé Fafabhè,n
Labé,Labe Centre,Centre de Santé Ley-Saré,n
Labé,Labe Centre,Fadi,n
Labé,Labe Centre,Hopital Préfectoral Mali,n
Labé,Labe Centre,Hopital Régional Labe,n
Labé,Labe Centre,Koulidara,n
Labé,Labe Centre,Pellel Centre de Santé,n
Labé,Noussy,Diawoya,n
Labé,Noussy,Noussy Centre de Santé,n
Labé,Popodara,"Centre de Santé Popodara, Hamdallaye",n
Labé,Popodara,Douka Seleyabhe,n
Labé,Popodara,Nadhel,n
Labé,Popodara,Popodara,n
Labé,Popodara,Sala,n
Labé,Popodara,Satina,n
Labé,Popodara,Serima,n
Labé,Sannou,Diogoma,n
Labé,Sannou,Hamdallaye,n
Labé,Sannou,Sannou Centre de Santé,n
Labé,Tountouroun,Nhagnaka,n
Labé,Tountouroun,Tôlon,n
Labé,Tountouroun,Tountouroun Centre de Santé,n
Labé,Labé-Centre,Koulidara,y
Lelouma,Balaya,Balaya Centre de Santé,n
Lelouma,Diountou,Diountou Centre de Santé,n
Lelouma,Diountou,Gnangantou,n
Lelouma,Diountou,Horé Fello,n
Lelouma,Diountou,Tossokéré,n
Lelouma,Heriko,Wendou Feto Centre,n
Lelouma,Korbe,Korbé Centre de Santé,n
Lelouma,Lafou,Hôpital Lafou,n
Lelouma,Lafou,Lafou Centre de Santé,n
Lelouma,Lafou,Laréwel,n
Lelouma,Lélouma-Centre,Hopital Préfectoral Lélouma,n
Lelouma,Lélouma-Centre,Lélouma Centre de Santé,n
Lelouma,Linsan,Linsan Centre de Santé,n
Lelouma,Linsan Saran,Boudougoula,n
Lelouma,Manda Saran,Manda Centre de Santé,n
Lelouma,Parawol,Parawol Centre de Santé,n
Lelouma,Parawol,Sandaly,n
Lelouma,Sagale,Sagalé Centre de Santé,n
Lelouma,Sagale,Sagalé Centre de Santé,n
Lelouma,Thiaguel-Bory,Horè Hollandè,n
Lelouma,Thiaguel-Bory,Ley Lagui,n
Lelouma,Thiaguel-Bory,Tianguel Bori,n
Lola,Bossou,Bossou,n
Lola,Bossou,Gbah,n
Lola,Foumbadou,Fakouroudouba,n
Lola,Foumbadou,Foumbadou,n
Lola,Foumbadou,Mananko,n
Lola,Foumbadou,Morigbèdou,n
Lola,Gama Berema,Fanhan,n
Lola,Gama Berema,Gama - Bèréma,n
Lola,Gama Berema,Guélémata,n
Lola,Gama Berema,Pinè,n
Lola,Gueasso,Dangbèssou,n
Lola,Gueasso,Gonota,n
Lola,Gueasso,Guéasso,n
Lola,Gueasso,Moussa Chérif,n
Lola,Gueasso,Tonon,n
Lola,Gueasso,Zèssou,n
Lola,Kokota,Kokota,n
Lola,Kokota,Léapélèta,n
Lola,Kokota,Yènèta,n
Lola,Kokota/N'Zoo,Kéoulenta,n
Lola,Laine,Didita,n
Lola,Laine,Kolata 1,n
Lola,Laine,Lainé,n
Lola,Lola Centre,Centre de Santé Lola,n
Lola,Lola Centre,Gama Koni Koni,n
Lola,Lola Centre,Gama Yalé,n
Lola,Lola Centre,Gbèkè,n
Lola,Lola Centre,Gogota,n
Lola,Lola Centre,Gôh,n
Lola,Lola Centre,Hopital préfectoral Lola,n
Lola,Lola Centre,Mission Catholique Lola,n
Lola,Lola Centre,Togbanata,n
Lola,Lola Centre,Wéyakoré,n
Lola,Lola Centre,Zougouéta,n
Lola,N'Zoo,Gaah,n
Lola,N'Zoo,Gbakoré 1,n
Lola,N'Zoo,N'Zoo,n
Lola,Tounkarata,Bouzouta,n
Lola,Tounkarata,Tounkarata,n
Macenta,Balizia,Bakpaou,n
Macenta,Balizia,Centre de Santé Balizéa,n
Macenta,Balizia,Fadou,n
Macenta,Balizia,Rouézou,n
Macenta,Binikala,Centre de Santé Binikala,n
Macenta,Binikala,Kpavélégbaou,n
Macenta,Bofossou,Centre de Santé Bofossou,n
Macenta,Bofossou,Doïzéa,n
Macenta,Bofossou,Niandan Centre,n
Macenta,Bofossou,Nianguézazou,n
Macenta,Daro,Badiaro,n
Macenta,Daro,Bureau Sous-Préfecture,n
Macenta,Daro,Centre de Santé Daro,n
Macenta,Daro,Diomandou,n
Macenta,Daro,N'Deleou,n
Macenta,Fasankony,Centre de Santé Fassankoni,n
Macenta,Fasankony,Communautaire,n
Macenta,Kouankan,Centre de Santé Kouankan,n
Macenta,Kouankan,Communautaire Dondano,n
Macenta,Kouankan,Dandano,n
Macenta,Koyamah,Centre de Santé Koyamah,n
Macenta,Koyamah,Loo (Communautaire),n
Macenta,Koyamah,N'Zappa (Communautaire),n
Macenta,Macenta Centre,Centre de Santé Macenta Centre,n
Macenta,Macenta Centre,Centre de Santé Macenta P Lumumba,n
Macenta,Macenta Centre,"Centre de Santé Quartier Bowa, Mac.",n
Macenta,Macenta Centre,Centre Medical Philatricaine,n
Macenta,Macenta Centre,Hopital Préfectoral Macenta,n
Macenta,Macenta Centre,Macenta Koura,n
Macenta,Macenta Centre,Poste Medical (Referring Center?),n
Macenta,Macenta Centre,Taoulela,n
Macenta,Macenta-Centre,Macenta Transit Centre,n
Macenta,Nzebela,Centre de Santé Nzebela,n
Macenta,Oremai,Centre de Santé Ouremai,n
Macenta,Oremai,Kassanka,n
Macenta,Oremai,Zobroma,n
Macenta,Ouremai,Bokoni,n
Macenta,Ourémai,Baimani (Communautaire),n
Macenta,Panziazou,Centre de Santé Panziazou,n
Macenta,Sengbedou,Centre de Santé Sengbedou,n
Macenta,Sengbedou,N'Zoyaro,n
Macenta,Seredou,Boo,n
Macenta,Seredou,Boussedou,n
Macenta,Seredou,Centre de Santé Seredou,n
Macenta,Seredou,Koïma Tongolo,n
Macenta,Vasérédou,Centre de Santé Vasérédou,n
Macenta,Vasseredou,Kabakoro,n
Macenta,Watanka,Aolazou,n
Macenta,Watanka,Batema,n
Macenta,Watanka,Centre de Santé Watanka,n
Mali,Balaki,Balaki,n
Mali,Donguel Sigon,Séria,n
Mali,Donguel Sigon,Sériya,n
Mali,Donguel Sigon,Sigon,n
Mali,Dougountounny,Missidé,n
Mali,Dougountouny,Dougountouny,n
Mali,Dougountouny,Wansan,n
Mali,Fougou,Dhakadi,n
Mali,Gayah,Boulléré,n
Mali,Gayah,Dèmou Yahah,n
Mali,Gayah,Gayah,n
Mali,Hidayatou,Wounduya,n
Mali,Hydayato,Himdya,n
Mali,Hydayato,Kounkouré,n
Mali,Lébékére,Lébékéré,n
Mali,Madina Wora,Daly,n
Mali,Madina Wora,Madina Wora,n
Mali,Mali-Centre,Bara-Centre,n
Mali,Mali-Centre,Bhoundou Holladé,n
Mali,Mali-Centre,Dps,n
Mali,Mali-Centre,Horé Fello,n
Mali,Mali-Centre,Mali-Plateau,n
Mali,Salambande,Dara,n
Mali,Salambande,Salambandé,n
Mali,Telire,Dar Es Salam,n
Mali,Telire,Doumoun Louda,n
Mali,Telire,Non Fonctionnel,n
Mali,Telire,Téliré,n
Mali,Touba,Kalonso,n
Mali,Yimbéring,Donghol (Donghol-Sigon) Centre de Santé,n
Mali,Yimbéring,Yembering,n
Mamou,Bouliwel,Bouliwel,n
Mamou,Bouliwel,Sennadè,n
Mamou,Bouliwel,Soumbalako Tokossèrè,n
Mamou,Bouliwel,Tolo,n
Mamou,Dounet,Dindeya,n
Mamou,Dounet,Dounet,n
Mamou,Gongore,Gongoret,n
Mamou,Gongore,Kourou,n
Mamou,Gongore,Poukou,n
Mamou,Kegneko,Kégnéko,n
Mamou,Konkoure,Konkouré,n
Mamou,Konkoure,Tamagaly,n
Mamou,Mamou Centre,Centre de Santé Sérè,n
Mamou,Mamou Centre,Hôpital Prefectoral de Mamou,n
Mamou,Mamou Centre,Hopital Préfectoral Pita,n
Mamou,Mamou Centre,Hopital Régional Mamou,n
Mamou,Mamou Centre,Loppè,n
Mamou,Mamou Centre,Poudrière Centre,n
Mamou,Mamou-Centre,Clinique Wann,y
Mamou,Niagara,Niagara,n
Mamou,Oure-Kaba,Ouré -Kaba,n
Mamou,Poredaka,Bhouria,n
Mamou,Poredaka,Kolissoko,n
Mamou,Poredaka,N'Diaré,n
Mamou,Poredaka,Porédaka,n
Mamou,Saramoussaya,Bourouwil Centre (Non Fonctionnel),n
Mamou,Saramoussaya,Saramoussaya,n
Mamou,Soyah,Soyah,n
Mamou,Téguéréya,Téguéréya,n
Mamou,Timbo,Ley Saré,n
Mandiana,Balandougouba,Balandou,n
Mandiana,Balandougouba,Balandougouba 2 Centre de Santé,n
Mandiana,Balandougouba,Kiniènkoura,n
Mandiana,Balandougouba,Niani,n
Mandiana,Balandougouba,Sidikila,n
Mandiana,Balandougouba,Wolola,n
Mandiana,Dialakoro,Alpha Yaya,n
Mandiana,Dialakoro,Banakoro-Centre,n
Mandiana,Dialakoro,Bananfara,n
Mandiana,Dialakoro,Dialakoro Centre de Santé,n
Mandiana,Dialakoro,Faraba,n
Mandiana,Dialakoro,Farassababèn,n
Mandiana,Dialakoro,Konkoye,n
Mandiana,Dialakoro,Sandanfara,n
Mandiana,Dialokoro,Binikala Centre,n
Mandiana,Dialokoro,Zinigorozou,n
Mandiana,Faralako,Diarakourou,n
Mandiana,Faraloko,Falama,n
Mandiana,Kanieran,M'Balia - Kinieran Centre de Santé,n
Mandiana,Kantoumania,Kantoumania Centre de Santé,n
Mandiana,Kantoumania,Moussadou,n
Mandiana,Kauntomanina,Orialen,n
Mandiana,Kinieran,Djilimgbè,n
Mandiana,Koundian,Franidoun,n
Mandiana,Koundian,Kanifara,n
Mandiana,Koundian,Koundian 2 Centre de Santé,n
Mandiana,Koundian,Loïlakoro,n
Mandiana,Koundianakoro,Bankoumana Centre,n
Mandiana,Koundianakoro,Kama Centre,n
Mandiana,Koundianakoro,Kondiankoro 2 Centre de Santé,n
Mandiana,Mandiana-Centre,Hérémakono (Mandiana) Centre de Santé,n
Mandiana,Mandiana-Centre,Hopital Préfectoral Mandiana,n
Mandiana,Mandiana-Centre,Kkarifamoriyah,n
Mandiana,Mandiana-Centre,Kodiaran Centre,n
Mandiana,Mandiana-Centre,Mandiana,n
Mandiana,Morodou,Clinique Gynéco obstétrique MORO,n
Mandiana,Morodou,Limbana,n
Mandiana,Morodou,Morodou 1 Centre de Santé,n
Mandiana,Niantania,Nyantanina Centre de Santé,n
Mandiana,Saladou,Bougoula,n
Mandiana,Saladou,Noumoudjila,n
Mandiana,Saladou,Saladou Centre de Santé,n
Mandiana,Sansando,Baladou,n
Mandiana,Sansando,Kouomakoro,n
Mandiana,Sansando,Sogbè -  Sansando Centre de Santé,n
N'Zérékoré,Bounouma,Bounouma,n
N'Zérékoré,Bounouma,Kankoré,n
N'Zérékoré,Bounouma,Kéréma,n
N'Zérékoré,Gouecke,Banzou Nord,n
N'Zérékoré,Gouecke,Cedba,n
N'Zérékoré,Gouecke,Centre de Santé Gouecke,n
N'Zérékoré,Gouecke,Nona,n
N'Zérékoré,Gouecke,Tamoé,n
N'Zérékoré,Kobéla,Centre de Santé Kobela,n
N'Zérékoré,Kobéla,Zogota,n
N'Zérékoré,Koropara,Boma-Nord,n
N'Zérékoré,Koropara,Centre de Santé Koropara,n
N'Zérékoré,Koropara,Gbana,n
N'Zérékoré,Koropara,"Gnema-Nord (Nema, Nyema)",n
N'Zérékoré,Koropara,Kognea,n
N'Zérékoré,Koropara,Koroh,n
N'Zérékoré,Koropara,Lomou,n
N'Zérékoré,Koropara,Makpozou,n
N'Zérékoré,Koule,Centre de Sante Koule,n
N'Zérékoré,Koule,Kerezagaye,n
N'Zérékoré,Koule,Kpaya,n
N'Zérékoré,Koule,Pampara,n
N'Zérékoré,Koule,Yalakpala,n
N'Zérékoré,N'Zerekore Centre,Centre de Santé NZ Commercial,n
N'Zérékoré,N'Zerekore Centre,Centre de Santé NZ Dorota,n
N'Zérékoré,N'Zerekore Centre,Centre de Santé NZ Gonian,n
N'Zérékoré,N'Zerekore Centre,Centre de Santé NZ Horoya,n
N'Zérékoré,N'Zerekore Centre,Centre de Santé NZ Mohomou,n
N'Zérékoré,N'Zerekore Centre,Gl Lansana Conté,n
N'Zérékoré,N'Zerekore Centre,Hopital Regional N'Zerekore,n
N'Zérékoré,N'Zerekore Centre,Mohomou,n
N'Zérékoré,N'Zerekore Centre,Poste Santé Wessoua,n
N'Zérékoré,Nzerekore Ctre,Hopital Préfectoral Lola,n
N'Zérékoré,N'zérékoré-Centre,Hopital Régional N'zérékoré,n
N'Zérékoré,N'zérékoré-Centre,Nzerekore Transit Centre,n
N'Zérékoré,Pale,Ouyèyè,n
N'Zérékoré,Pale,Pale,n
N'Zérékoré,Samoe,Centre de Santé Samoy,n
N'Zérékoré,Samoe,Gnampara,n
N'Zérékoré,Samoe,Gnema-Sud-Centre,n
N'Zérékoré,Samoe,Komou,n
N'Zérékoré,Samoe,Koronta,n
N'Zérékoré,Samoe,Mission Catholique Samoe,n
N'Zérékoré,Samoe,Nyankoye Thea,n
N'Zérékoré,Samoé,Koule-Sud,n
N'Zérékoré,Soulouma,Gopouta,n
N'Zérékoré,Soulouta,Centre de Santé Soulouta,n
N'Zérékoré,Soulouta,Gbouo,n
N'Zérékoré,Soulouta,Kola,n
N'Zérékoré,Soulouta,Kolakpata,n
N'Zérékoré,Soulouta,Komata,n
N'Zérékoré,Soulouta,Kpagalaye,n
N'Zérékoré,Soulouta,Kpoulo,n
N'Zérékoré,Soulouta,Soluta Nord,n
N'Zérékoré,Soulouta,Souhoulé,n
N'Zérékoré,Womey,Bowé-Nord,n
N'Zérékoré,Womey,Centre de Santé Womey,n
N'Zérékoré,Womey,Foozou,n
N'Zérékoré,Womey,Yomata,n
N'Zérékoré,Yalenzou,Balémou,n
N'Zérékoré,Yalenzou,Bangoueta,n
N'Zérékoré,Yalenzou,Centre de Santé Yalenzou,n
N'Zérékoré,Yalenzou,Gnalakpalé,n
N'Zérékoré,Yalenzou,Karana,n
N'Zérékoré,Yalenzou,Konian-Aviation,n
N'Zérékoré,Yalenzou,Kotozou,n
N'Zérékoré,Yalenzou,Moata,n
N'Zérékoré,Yalenzou,N'Zao,n
N'Zérékoré,N'Zérékoré-Centre,Cabinet soins ophtalmologiques,y
N'Zérékoré,N'Zérékoré-Centre,Labo Habas,y
Pita,Bantignel,Aindé,n
Pita,Bantignel,Centre de Santé Bantignel,n
Pita,Bantignel,Mélikasa,n
Pita,Bantignel,Tyapata-Missidé,n
Pita,Brouwal Tappe,Gonkou,n
Pita,Dongol-Touma,Centre de Santé Donghol Touma,n
Pita,Gongore,Centre de Santé Gongorè,n
Pita,Gongore,Madina Légué,n
Pita,Ley Miro,Centre de Santé Ley-Miro,n
Pita,Ley Miro,Ley-Diohè,n
Pita,Maci,Centre de Santé Maci,n
Pita,Maci,Darou,n
Pita,Maci,Kambaco,n
Pita,Maci,N'Diré,n
Pita,Maci,Tangan,n
Pita,Pita Centre,Bourkadié,n
Pita,Pita Centre,Centre de Santé Pita,n
Pita,Pita Centre,Centre de Santé Sintaly,n
Pita,Pita Centre,Gadha Bhoundouwol,n
Pita,Pita Centre,Ndantari,n
Pita,Pita Centre,N'Douyèbhè Salli,n
Pita,Pita Centre,Trypano,n
Pita,Pita Centre,Tyaghé,n
Pita,Sangaréyah,Centre de Santé Sangaréyah,n
Pita,Timbi-Madina,Centre de Santé Ninguélandé,n
Pita,Timbi-Madina,Centre de Santé Timbi - Madina,n
Pita,Timbi-Touni,Centre de Santé Timbi-Touny,n
Pita,Timbi-Touni,Diaga,n
Pita,Timbi-Touni,Horè Oury,n
Pita,Timbi-Touni,Wansan,n
Siguiri,Bankon,Bankon Centre de Santé,n
Siguiri,Doko,Dalamban,n
Siguiri,Doko,Doko Centre de Santé,n
Siguiri,Doko,Kodiaraninda-Centre,n
Siguiri,Doko,Kolenda,n
Siguiri,Doko,Kolita,n
Siguiri,Doko,Kourako,n
Siguiri,Doko,Kouremale,n
Siguiri,Doko,Mansala,n
Siguiri,Doko,Siguirini Centre de Santé,n
Siguiri,Doko,Soumbarakoba,n
Siguiri,Doko,Soumbarakolen,n
Siguiri,Doko,Tomboko,n
Siguiri,Franwalia,Bougourou,n
Siguiri,Franwalia,Franwalia Centre de Santé,n
Siguiri,Franwalia,Kamaya,n
Siguiri,Kiniebakoura,Frenkamaya,n
Siguiri,Kiniebakoura,Kiniebakoura Centre de Santé,n
Siguiri,Kiniebakoura,Togui-Fing,n
Siguiri,Kintinian,Alahine,n
Siguiri,Kintinian,Alahinè,n
Siguiri,Kintinian,Balato,n
Siguiri,Kintinian,Boukaria,n
Siguiri,Kintinian,Didi,n
Siguiri,Kintinian,Doubaya,n
Siguiri,Kintinian,Fatoya,n
Siguiri,Kintinian,Kintinian Centre de Santé,n
Siguiri,Kintinian,Mankiti,n
Siguiri,Maleah,Dantinia,n
Siguiri,Maleah,Diatéa,n
Siguiri,Maleah,Foulata,n
Siguiri,Maleah,Kobedara,n
Siguiri,Maleah,Maléah Centre de Santé,n
Siguiri,Maleah,Mignada,n
Siguiri,Maleah,Santiguia,n
Siguiri,Naboun,Naboun Centre de Santé,n
Siguiri,Naboun,Soumbaraya,n
Siguiri,Niagassola,Balandougou,n
Siguiri,Niagassola,Fidako,n
Siguiri,Niagassola,Guilaotazou,n
Siguiri,Niagassola,Niagassola Centre de Santé,n
Siguiri,Niagassola,Tomboni,n
Siguiri,Niagassola,Tondo,n
Siguiri,Niandankoro,Niandankoro Centre de Santé,n
Siguiri,Norassoba,Gbenkorokoro,n
Siguiri,Norassoba,Leleda,n
Siguiri,Norassoba,Norassoba Centre de Santé,n
Siguiri,Norassoba,Nounkounkan Centre de Santé,n
Siguiri,Norassoba,Paneau Scolaire Château D'Eau 65,n
Siguiri,Siguiri Centre,Nanamoudoukoro Kalilou Cisse,n
Siguiri,Siguiri Centre,Saint Alexis,n
Siguiri,Siguiri Centre,Siguirikoro 1(Falaye Traoré) Centre de Santé,n
Siguiri,Siguiri Centre,Siguirikoura 1 Centre de Santé,n
Siguiri,Siguiri Centre,Sougoula,n
Siguiri,Siguiri-Centre,Hopital Préfectoral Siguiri,n
Siguiri,Siguiri-Centre,Ozaolazou,n
Siguiri,Siguirini,Lero,n
Siguiri,Siguirini,Nètèmafara,n
Telemele,Bourouwal,Brouwal,n
Telemele,Bourouwal,Centre de Santé Bourouwal_Tappe,n
Telemele,Bourouwal,Djindjima,n
Telemele,Daramagnaki,Bambaya Missidé,n
Telemele,Daramagnaki,Dara Centre,n
Telemele,Daramagnaki,Kourakoto,n
Telemele,Daramagnaki,Lalifan,n
Telemele,Gougoudie,Gougoudjé,n
Telemele,Gougoudie,Koussi,n
Telemele,Gougoudie,Missidé Kébou,n
Telemele,Gougoudje,Djissouma,n
Telemele,Koba,Kompéta,n
Telemele,Kollet,Hérico,n
Telemele,Kollet,Kollet-Centre,n
Telemele,Kollet,Konkouré Centre,n
Telemele,Kollet,Siraya,n
Telemele,Kollet,Toumania,n
Telemele,Konsotami,Konstamy,n
Telemele,Missira,Missira,n
Telemele,Santou,Félah,n
Telemele,Santou,Pejnétj,n
Telemele,Sarekaly,Madina 2,n
Telemele,Sarekaly,Sarékaly,n
Telemele,Sinta,Kaïlondji-Centre,n
Telemele,Sinta,Pellel Hassana,n
Telemele,Sinta,Sinta,n
Telemele,Sogolon,Balandé,n
Telemele,Tarihoye,Mabhè,n
Telemele,Tarihoye,Silaty,n
Telemele,Tarihoye,Tarihoye,n
Telemele,Telimele Centre,Koly,n
Telemele,Téliméle Centre,Centre de Santé Téliméle Centre,n
Telemele,Telimele-Centre,Tarihoye Hassane,n
Telemele,Télimélé-Centre,Hopital Préfectoral Telimele,n
Telemele,Télimélé-Centre,Telimélé Treatment Centre,n
Telemele,Thionthian,Labha N'Dian,n
Telemele,Thionthian,Mallalcondo,n
Telemele,Thionthian,Thionthian Centre de Santé,n
Tougue,Fatako,Fatako,n
Tougue,Fatako,Fogo Centre,n
Tougue,Fatako,Korbouya Centre,n
Tougue,Felo-Koundouwa,Niawély,n
Tougue,Kansagui,Kansangui,n
Tougue,Kansagui,Kèmaya Centre,n
Tougue,Kansagui,Kondéya,n
Tougue,Kansagui,Sangouya Centre,n
Tougue,Koin,Koinwel,n
Tougue,Koin,Ley Dioufoun,n
Tougue,Kolangui,Kessou,n
Tougue,Konah,Ghada Yhandhè,n
Tougue,Konah,Konah,n
Tougue,Konah,Paraol Centre,n
Tougue,Kouratongo,Horè Kollet,n
Tougue,Kouratongo,Kouratongo,n
Tougue,Tangali,Tangali,n
Tougue,Tougué-Centre,Hopital Préfectoral Tougue,n
Tougue,Tougué-Centre,Kégnanden,n
Tougue,Tougué-Centre,Poste Et Télécommunication,n
Tougue,Tougué-Centre,Tougué,n
Yomou,Banie,Centre de Santé Banié,n
Yomou,Banie,Gottoye,n
Yomou,Banié,Yowa,n
Yomou,Behta,Centre de Santé Bhèta,n
Yomou,Bignamou,Centre de Santé Bignamou,n
Yomou,Bignamou,Galakpaye,n
Yomou,Bignamou,Gbamou,n
Yomou,Bounouma,Dourapa,n
Yomou,Bounouma,Kpaala,n
Yomou,Bowe,Bamakama,n
Yomou,Bowé,Centre de Santé Bowé,n
Yomou,Bowé,Lonhondia,n
Yomou,Bowé,Ouétoa,n
Yomou,Bowé,Ouéya,n
Yomou,Bowé,Ouro,n
Yomou,Bowé,Yalakpalé,n
Yomou,Diecke,Baala,n
Yomou,Diecke,Centre de Santé Diécké 1,n
Yomou,Diecke,Saoro,n
Yomou,Diecke,Soopa,n
Yomou,Pela,Centre de Santé Péla 1,n
Yomou,Pela,Galaye,n
Yomou,Pela,Ouéta,n
Yomou,Yomou Centre,Centre de Santé Yomou,n
Yomou,Yomou Centre,Hopital Préfectoral Yomou,n
Yomou,Yomou Centre,Komou,n
Yomou,Yomou Centre,Zabia,n
Yomou,Yomou-Centre,Yomou Transit Centre,n
